id;data_abertura_proposta;data_entrega_edital;data_entrega_proposta;data_publicacao;endereco_entrega_edital;funcao_responsavel;identificador;informacoes_gerais;modalidade;nome_responsavel;numero_aviso;numero_itens;numero_processo;objeto;situacao_aviso;tipo_pregao;tipo_recurso;uasg;descricao_item;quantidade_item;valor_estimado_item;descricao_detalhada_item;margem_preferencial;situacao_item;menor_lance;decreto_7174;fornecedor_vencedor;tratamento_diferenciado;unidade_fornecimento;valor_negociado;url_pregao;tipo_material
602;2014-03-11T10:00:00;2014-02-21T08:00:00;2014-02-21T08:00:00;2014-02-21;Praca Andre de Albuquerque, 534 - Cidade Alta - /RN;Pregoeiro;7000805000012010;Registro de Preços.;5;ANSELMO PEREIRA SILVA;12014;NA;6894/13 (13556);Pregão Eletrônico Registro de Preço objetivando eventual Aquisição de Material de C onsumo para Uso Ordinário e Eleições (Gêneros A limentícios  Café).;Publicado;Eletrônico;Nacional;70008;CAFÉ;16000;3.15;CAFÉ, TIPO TORRADO, APRESENTAÇÃO MOÍDO, TIPO EMBALAGEM A VÁCUO;false;homologado;2.18;false;NA;NA;PACOTE 250,00 G;NA;/pregoes/doc/pregao/0700080000012014;217366
796;2014-01-27T11:00:00;2014-01-14T08:00:00;2014-01-14T08:00:00;2014-01-14;Av. Getulio Vargas, 3999 - /RR;Pregoeira;9003905000012020;Será uma licitação por grup os.;5;NANCIS TEREZA DANIELI LIMA;12014;NA;262/2013;Pregão Eletrônico Registro de preços para aquisição de gêneros alimentícios e mater ial de copa e cozinha, conforme anexo I do Edit al 02/2014.;Publicado;Eletrônico;Nacional;90039;CAFÉ;1200;10.88;CAFÉ, TIPO TORRADO, APRESENTAÇÃO MOÍDO, TIPO EMBALAGEM A VÁCUO,               CARACTERÍSTICAS ADICIONAIS EXTRA FORTE;false;adjudicado;4.80;false;NA;NA;PACOTE 500,00 G;NA;/pregoes/doc/pregao/0900390000012014;NA
866;2014-02-27T10:00:00;2014-02-17T09:00:00;2014-02-17T09:00:00;2014-02-17;Anexo Ii-b Palacio do Planalto Sala 114 Térreo - /DF;Pregoeira;11010105000012000;O presente Edital poderá se r retirado pelo site www.comprasnet.gov.br ou s er solicitado pelo e-mail: vpr.licitacao@presid encia.gov.br;5;HELEN GONCALVES DIAS;12014;NA;300000027201421;Pregão Eletrônico A presente licitaç ão tem por objeto a aquisição de suprimentos pa ra abastecimento da Copa da Vice-Presidência da República;Publicado;Eletrônico;Nacional;110101;CAFÉ;264;2310.00;CAFÉ, TIPO TORRADO, APRESENTAÇÃO MOÍDO, TIPO EMBALAGEM ALTO VÁCUO;false;cancelado na aceitação;3168.00;false;NA;NA;PACOTE 1,00 KG;NA;/pregoes/doc/pregao/1101010000012014;232173
879;2014-02-19T14:00:00;2014-02-07T09:00:00;2014-02-07T09:00:00;2014-02-07;Rua Rodrigo Silva Nº 26 - 18º Andar - Centro/RJ;Pregoeiro;11010205000012000;O Edital deverá ser baixado junto ao sítio www.comprasnet.gov.br .;5;JEFFERSON MIRANDA DA COSTA;12014;NA;592001131201314;Pregão Eletrônico Registro de Preços para a aquisição de gênero de alimentação CA FÉ, para atender às necessidades das Unidades C ircunscritas da Superintendência de Administraç ão no Rio de Janeiro SAD/RJ, conforme condiçõ es, quantidades e exigências estabelecidas no T ermo de referência.;Publicado;Eletrônico;Nacional;110102;CAFÉ;7324;8.04;CAFÉ, TIPO TORRADO, APRESENTAÇÃO MOÍDO, TIPO EMBALAGEM A VÁCUO, VALIDADE PRAZOMÍNIMO DE 1 ANO, CARACTERÍSTICAS ADICIONAIS SELO DE PUREZA DA ABIC;false;homologado;4.10;false;NA;NA;PACOTE 500,00 G;NA;/pregoes/doc/pregao/1101020000012014;300655
880;2014-02-19T14:00:00;2014-02-07T09:00:00;2014-02-07T09:00:00;2014-02-07;Rua Rodrigo Silva Nº 26 - 18º Andar - Centro/RJ;Pregoeiro;11010205000012000;O Edital deverá ser baixado junto ao sítio www.comprasnet.gov.br .;5;JEFFERSON MIRANDA DA COSTA;12014;NA;592001131201314;Pregão Eletrônico Registro de Preços para a aquisição de gênero de alimentação CA FÉ, para atender às necessidades das Unidades C ircunscritas da Superintendência de Administraç ão no Rio de Janeiro SAD/RJ, conforme condiçõ es, quantidades e exigências estabelecidas no T ermo de referência.;Publicado;Eletrônico;Nacional;110102;CAFÉ;5112;7.43;CAFÉ, TIPO TORRADO, APRESENTAÇÃO MOÍDO, TIPO EMBALAGEM A VÁCUO, VALIDADE PRAZOMÍNIMO DE 1 ANO, CARACTERÍSTICAS ADICIONAIS SELO DE PUREZA DA ABIC;false;homologado;4.14;false;NA;NA;PACOTE 500,00 G;NA;/pregoes/doc/pregao/1101020000012014;300655
881;2014-02-19T14:00:00;2014-02-07T09:00:00;2014-02-07T09:00:00;2014-02-07;Rua Rodrigo Silva Nº 26 - 18º Andar - Centro/RJ;Pregoeiro;11010205000012000;O Edital deverá ser baixado junto ao sítio www.comprasnet.gov.br .;5;JEFFERSON MIRANDA DA COSTA;12014;NA;592001131201314;Pregão Eletrônico Registro de Preços para a aquisição de gênero de alimentação CA FÉ, para atender às necessidades das Unidades C ircunscritas da Superintendência de Administraç ão no Rio de Janeiro SAD/RJ, conforme condiçõ es, quantidades e exigências estabelecidas no T ermo de referência.;Publicado;Eletrônico;Nacional;110102;CAFÉ;450;8.04;CAFÉ, TIPO TORRADO, APRESENTAÇÃO MOÍDO, TIPO EMBALAGEM A VÁCUO, VALIDADE PRAZOMÍNIMO DE 1 ANO, CARACTERÍSTICAS ADICIONAIS SELO DE PUREZA DA ABIC;false;homologado;4.31;false;NA;NA;PACOTE 500,00 G;NA;/pregoes/doc/pregao/1101020000012014;300655
882;2014-02-19T14:00:00;2014-02-07T09:00:00;2014-02-07T09:00:00;2014-02-07;Rua Rodrigo Silva Nº 26 - 18º Andar - Centro/RJ;Pregoeiro;11010205000012000;O Edital deverá ser baixado junto ao sítio www.comprasnet.gov.br .;5;JEFFERSON MIRANDA DA COSTA;12014;NA;592001131201314;Pregão Eletrônico Registro de Preços para a aquisição de gênero de alimentação CA FÉ, para atender às necessidades das Unidades C ircunscritas da Superintendência de Administraç ão no Rio de Janeiro SAD/RJ, conforme condiçõ es, quantidades e exigências estabelecidas no T ermo de referência.;Publicado;Eletrônico;Nacional;110102;CAFÉ;450;7.43;CAFÉ, TIPO TORRADO, APRESENTAÇÃO MOÍDO, TIPO EMBALAGEM A VÁCUO, VALIDADE PRAZOMÍNIMO DE 1 ANO, CARACTERÍSTICAS ADICIONAIS SELO DE PUREZA DA ABIC;false;cancelado;NA;false;NA;NA;PACOTE 500,00 G;NA;/pregoes/doc/pregao/1101020000012014;300655
1090;2014-09-18T09:30:00;2014-09-08T08:00:00;2014-09-08T08:00:00;2014-09-08;Esplanada Dos Ministérios, Bloco  polegadaso polegadas, 9º Andar - Plano Piloto/DF;Ordenador de Despesa;11035505000012000;NA;5;GERMINIO ZANARDO JUNIOR;12014;NA;18000469201463;Pregão Eletrônico Registro de preços , com vistas a contratação de empresa para pres imento de materiais necessários. tação de serviços de realização de eventos e co rrelatos para a Secretaria de Assuntos Estratég icos da Presidência da República  SAE/PR, em t odo o território nacional, sob demanda, abrange ndo planejamento operacional, organização, exec ução, acompanhamento, fornecimento de alimentaç ão e bebida, infraestrutura, transportes, apoio logístico, ornamentação e a confecção e fornec;Publicado;Eletrônico;Nacional;110355;Decoração - Eventos / Solenidades;800;18.00;Café ou chá - fora de ambiente hoteleiro;false;homologado;2.00;false;NA;NA;unidade;NA;/pregoes/doc/pregao/1103550000012014;NA
1099;2014-09-18T09:30:00;2014-09-08T08:00:00;2014-09-08T08:00:00;2014-09-08;Esplanada Dos Ministérios, Bloco  polegadaso polegadas, 9º Andar - Plano Piloto/DF;Ordenador de Despesa;11035505000012000;NA;5;GERMINIO ZANARDO JUNIOR;12014;NA;18000469201463;Pregão Eletrônico Registro de preços , com vistas a contratação de empresa para pres imento de materiais necessários. tação de serviços de realização de eventos e co rrelatos para a Secretaria de Assuntos Estratég icos da Presidência da República  SAE/PR, em t odo o território nacional, sob demanda, abrange ndo planejamento operacional, organização, exec ução, acompanhamento, fornecimento de alimentaç ão e bebida, infraestrutura, transportes, apoio logístico, ornamentação e a confecção e fornec;Publicado;Eletrônico;Nacional;110355;Decoração - Eventos / Solenidades;800;28.00;Café ou chá - dentro de ambiente hoteleiro;false;homologado;10.00;false;NA;NA;unidade;NA;/pregoes/doc/pregao/1103550000012014;NA
1386;2014-01-23T09:30:00;2014-01-13T08:00:00;2014-01-13T08:00:00;2014-01-13;Scs Qd. 08, Ed. Super Center Venâncio 2000, Bl. B-50/60_1º Subsol - Asa Sul/DF;Pregoeira;11540605000012000;NA;5;NEIRE MARIS MARQUES;12014;NA;002449/2013;Pregão Eletrônico Contratação de emp resa especializada no fornecimento de Café em p ó homogêneo, torrado e moído e Açúcar Refinado para uso e consumo nas dependências da EBC, no Rio de Janeiro/RJ, durante o exercício de 2014.;Publicado;Eletrônico;Nacional;115406;CAFÉ;3600;50184.00;CAFÉ, NOME CAFE MOIDO - Café em pó homogêneo,  torrado e moído, embalado à  vácuo, fornecido em pacote de  500 (quinhentos) gramas.;false;homologado;28580.00;false;NA;NA;quilograma;NA;/pregoes/doc/pregao/1154060000012014;9725
4286;2014-02-14T10:00:00;2014-02-04T08:00:00;2014-02-04T08:00:00;2014-02-04;Av.dr. Carlos Firpo, Nº 428 - Bairro Industrial - /SE;Chefe do Setor de Compras e Contratos;13002805000012000;NA;5;JOSE RONALDO DA SILVA SANTOS;12014;NA;2105400032201460;Pregão Eletrônico Aquisição de gêner os alimentícios e copos descartáveis;Publicado;Eletrônico;Nacional;130028;CAFÉ;4550;3.72;CAFÉ, APRESENTAÇÃO TORRADO E MOÍDO, CARACTERÍSTICAS ADICIONAIS SELO PUREZA    ABIC,MÍNIMO 7,3 PONTOS NA ESCALA SENS O;false;homologado;2.25;false;NA;NA;PACOTE 250,00 G;NA;/pregoes/doc/pregao/1300280000012014;334243
4457;2014-07-10T10:00:00;2014-06-30T09:00:00;2014-06-30T09:00:00;2014-06-30;Rua Treze de Maio Nr.1558 7  Andar Sala 73 Bela Vista - Bela Vista/SP;Ordenador de Despesas;13006705000012000;NA;5;FRANCISCO SERGIO FERREIRA JARDIM;12014;NA;21052014218201300;Pregão Eletrônico Registro de preços para eventual aquisição de Genero Alimenticio, e de Material de Limpeza, para atender às nece ssidades do MINISTÉRIO DA AGRICULTURA, PECUÁRIA E ABASTECIMENTO  SUPERINTENDÊNCIA FEDERAL DE AGRICULTURA NO ESTADO DE SÃO PAULO, conforme es pecificações e quantidades estabelecidas na IRP .;Publicado;Eletrônico;Nacional;130067;CAFÉ;7700;5.81;CAFÉ, TIPO SUPERIOR/TORRADO E MOÍDO, APRESENTAÇÃO PÓ, TIPO EMBALAGEM A VÁCUO, VALIDADE MÍNIMA DE 10 MESES DA DATA DA ENTREGA, NORMAS TÉCNICAS LAUDO DE      CLASSIFICAÇÃO DA QUALIDADE DA BEBIDA, CARACTERÍSTICAS ADICIONAIS MÍNIMO 6,5   PONTOS ESCALA SENSORIAL COM LAUDO;false;homologado;4.47;false;NA;NA;PACOTE 500,00 G;NA;/pregoes/doc/pregao/1300670000012014;328906
4458;2014-07-10T10:00:00;2014-06-30T09:00:00;2014-06-30T09:00:00;2014-06-30;Rua Treze de Maio Nr.1558 7  Andar Sala 73 Bela Vista - Bela Vista/SP;Ordenador de Despesas;13006705000012000;NA;5;FRANCISCO SERGIO FERREIRA JARDIM;12014;NA;21052014218201300;Pregão Eletrônico Registro de preços para eventual aquisição de Genero Alimenticio, e de Material de Limpeza, para atender às nece ssidades do MINISTÉRIO DA AGRICULTURA, PECUÁRIA E ABASTECIMENTO  SUPERINTENDÊNCIA FEDERAL DE AGRICULTURA NO ESTADO DE SÃO PAULO, conforme es pecificações e quantidades estabelecidas na IRP .;Publicado;Eletrônico;Nacional;130067;CAFÉ;700;27.82;CAFÉ, APRESENTAÇÃO GRÃO SELECIONADO, CARACTERÍSTICAS ADICIONAIS EXPRESSO, PRÉ-TORRADO, PENEIRA 18, TIPO EXPORTAÇÃ O;false;cancelado na aceitação;13.97;false;NA;NA;PACOTE 1,00 KG;NA;/pregoes/doc/pregao/1300670000012014;341434
4570;2014-10-06T09:30:00;2014-09-19T08:00:00;2014-09-19T08:00:00;2014-09-19;Rua Alameda Annibal Molina S/n - Varzea Grande - Alameda/MT;Ordenadora de Despesas;13007805000012000;NA;5;MARINA DA CONCEICAO PADILHA E SILVA;12014;NA;21178000014201500;Pregão Eletrônico Material de gênero alimentício, copa e cozinha, expediente, proce ssamento de dados e elétrico.;Publicado;Eletrônico;Nacional;130078;CAFÉ;200;3.80;CAFÉ, tipo forte torrado exportação, apresentação moído, tipo embalagem a vácuo com 250g com validade mínima de 12 meses.;false;homologado;3.78;false;NA;NA;PACOTE 0000000250 G;NA;/pregoes/doc/pregao/1300780000012014;9725
4606;2014-03-31T09:00:00;2014-03-19T08:30:00;2014-03-19T08:30:00;2014-03-19;Praca Civica, Nr. 100 - Central/GO;Pregoeiro Oficial;13008005000012000;NA;5;VALDIR FERREIRA BISPO;12014;NA;21020000262201400;Pregão Eletrônico O objeto desta lic itção é a aquisição de água mineral, açúcar cri stal, café e cargas de gás GLP para uso domésti co, visando atender às necessidas da Superinten dência Federal de Agricultura, Pecuária e Abast ecimento em Goiás SFA/GO, conforme especifica ções e quantidades estabelecidas no Termo de Re ferência, no Edital e seus Anexos.;Publicado;Eletrônico;Nacional;130080;CAFÉ;900;6178.50;CAFÉ, NOME CAFE MOIDO,(450 quilos) extra forte, em pó, de primeira qualidade, tipo tijolinho embalado à vácuo em pacotes de 500grs, com validade mínima de 12 (doze) meses após o empacotamento, com selo da ABIC, rotulagem segundo os padrões da Resolução n¨ 259, de 20.09.2002 do M.S.;false;homologado;5233.29;false;NA;NA;Pacote de 500 grs.;5229.00;/pregoes/doc/pregao/1300800000012014;9725
4681;2014-06-20T09:00:00;2014-06-09T08:00:00;2014-06-09T08:00:00;2014-06-09;Rua Tiradentes, 469 - Centro - /AP;Pregoeiro;13010005000012000;NA;5;AECIO FLAVIO DE OLIVEIRA MOTA FILHO;12014;NA;2100800163/2014-4;Pregão Eletrônico Fornecimento de ma térias de consumo conforme especificação no qua dro demonstrativo previsto no termo de referenc ia anexo I do edital;Publicado;Eletrônico;Nacional;130100;CAFÉ;150;450.00;CAFÉ, APRESENTAÇÃO PÓ, TIPO EMBALAGEM A VÁCUO;false;cancelado na aceitação;560.00;false;NA;NA;PACOTE 250,00 G;NA;/pregoes/doc/pregao/1301000000012014;217372
5309;2014-01-30T09:00:00;2014-01-20T08:00:00;2014-01-20T08:00:00;2014-01-20;Antiga Estrada Rio/sao Paulo -km 47 - Seropedica - Ecologia/RJ;Pregoeira;13502305000012000;As especificações devem ate nder ao Edital.;5;ALINE AUGUSTA DA SILVA TEIXEIRA;12014;NA;22014;Pregão Eletrônico Fornecimento de ki ts de desjejum para o exercício de 2014.;Publicado;Eletrônico;Nacional;135023;Fornecimento de Refeições / Lanches / Salgados / Doces;14060;61629.67;Fornecimento de kits de café da manhã a serem entregues diretamente na Portaria da Embrapa Agrobiologia, conforme Edital.;false;homologado;59540.00;false;NA;NA;kit;NA;/pregoes/doc/pregao/1350230000012014;NA
5325;2014-02-05T09:00:00;2014-01-24T08:00:00;2014-01-24T08:00:00;2014-01-24;Rua Livramento, 515 Cx. Postal 130 - Bento Gonçalves/rs - Conceição/RS;Chefe Geral;13503305000012000;NA;5;LUCAS DA RESSURREICAO GARRIDO;12014;NA;21206000805/2013-;Pregão Eletrônico Aquisição de gêner os alimentícios para a Embrapa Uva e Vinho.;Publicado;Eletrônico;Nacional;135033;CAFÉ;1100;6.59;CAFÉ, TIPO FORTE TORRADO EXPORTAÇÃO, APRESENTAÇÃO MOÍDO, TIPO EMBALAGEM A     VÁCUO;false;homologado;5.81;false;NA;NA;PACOTE 500,00 G;NA;/pregoes/doc/pregao/1350330000012014;217370
5437;2014-05-13T09:30:00;2014-04-30T08:00:00;2014-04-30T08:00:00;2014-04-30;Av. São Luis Rei de França, Nº 1 - Quadra 11 - Loteamento Jardim Eldorado/turu/MA;Supervisor;13508205000012000;NA;5;ALDIR FONSECA LIMA;12014;NA;04/2014;Pregão Eletrônico O objeto desta con vocação é a contratação de empresa para o forne cimento de gêneros alimentícios e de lanches do tipo café da manhã, para o desjejum de emprega dos da Embrapa Cocais, conforme as condições e especificações deste Edital e Termo de Referênc ia  Anexo I.;Publicado;Eletrônico;Nacional;135082;SANDUÍCHE;52;4000.00;Gêneros alimentícios diversos - fornecimento SEMANAL na quantidade e de acordo com o cardápio, necessários a preparação diária de lanche/café da manhã aos empregados beneficiários lotados na Embrapa Cocais   SEDE   em São Luis/MA.;false;cancelado;NA;false;NA;NA;ENTREGA;NA;/pregoes/doc/pregao/1350820000012014;108138
5438;2014-05-13T09:30:00;2014-04-30T08:00:00;2014-04-30T08:00:00;2014-04-30;Av. São Luis Rei de França, Nº 1 - Quadra 11 - Loteamento Jardim Eldorado/turu/MA;Supervisor;13508205000012000;NA;5;ALDIR FONSECA LIMA;12014;NA;04/2014;Pregão Eletrônico O objeto desta con vocação é a contratação de empresa para o forne cimento de gêneros alimentícios e de lanches do tipo café da manhã, para o desjejum de emprega dos da Embrapa Cocais, conforme as condições e especificações deste Edital e Termo de Referênc ia  Anexo I.;Publicado;Eletrônico;Nacional;135082;SANDUÍCHE;2600;15000.00;Fornecimento DIÁRIO estimado de 10 (dez) lanches/café da manhã para os empregados beneficiários lotados na  Embrapa Cocais - UEP Balsas/Ma, para um período de 12 meses, de acordo com o cardápio, constante do Termo de Referência - Anexo I do Edital.;false;homologado;15500.00;false;NA;NA;UNIDADES;14950.00;/pregoes/doc/pregao/1350820000012014;108138
5595;2014-03-28T13:30:00;2014-03-18T08:30:00;2014-03-18T08:30:00;2014-03-18;Estrada Dos Pioneiros, 3131 - Jardim Morumbi - /PR;Pregoeira;15014805000012000;NA;5;MARIA ELENI CURTI;12014;NA;3064000288201490;Pregão Eletrônico Aquisição de gêner os alimentícios para atender a UTFPR Câmpus L ondrina.;Publicado;Eletrônico;Nacional;150148;CAFÉ;1000;8.90;CAFÉ, torrado e moído. Embalagem a vácuo de 500 gramas, de primeira qualidade, com selo de pureza da Associação Brasileira da Indústria do Café - ABIC.;false;homologado;8.68;false;NA;NA;PACOTE 500 gramas;NA;/pregoes/doc/pregao/1501480000012014;NA
6258;2014-03-11T10:00:00;2014-02-21T08:00:00;2014-02-21T08:00:00;2014-02-21;Praca Andre de Albuquerque, 534 - Cidade Alta - /RN;Pregoeiro;7000805000012010;Registro de Preços.;5;ANSELMO PEREIRA SILVA;12014;NA;6894/13 (13556);Pregão Eletrônico Registro de Preço objetivando eventual Aquisição de Material de C onsumo para Uso Ordinário e Eleições (Gêneros A limentícios  Café).;Publicado;Eletrônico;Nacional;70008;CAFÉ;16000;3.15;CAFÉ, TIPO TORRADO, APRESENTAÇÃO MOÍDO, TIPO EMBALAGEM A VÁCUO;false;homologado;2.18;false;NA;NA;PACOTE 250,00 G;NA;/pregoes/doc/pregao/0700080000012014;217366
6452;2014-01-27T11:00:00;2014-01-14T08:00:00;2014-01-14T08:00:00;2014-01-14;Av. Getulio Vargas, 3999 - /RR;Pregoeira;9003905000012020;Será uma licitação por grup os.;5;NANCIS TEREZA DANIELI LIMA;12014;NA;262/2013;Pregão Eletrônico Registro de preços para aquisição de gêneros alimentícios e mater ial de copa e cozinha, conforme anexo I do Edit al 02/2014.;Publicado;Eletrônico;Nacional;90039;CAFÉ;1200;10.88;CAFÉ, TIPO TORRADO, APRESENTAÇÃO MOÍDO, TIPO EMBALAGEM A VÁCUO,               CARACTERÍSTICAS ADICIONAIS EXTRA FORTE;false;adjudicado;4.80;false;NA;NA;PACOTE 500,00 G;NA;/pregoes/doc/pregao/0900390000012014;NA
6522;2014-02-27T10:00:00;2014-02-17T09:00:00;2014-02-17T09:00:00;2014-02-17;Anexo Ii-b Palacio do Planalto Sala 114 Térreo - /DF;Pregoeira;11010105000012000;O presente Edital poderá se r retirado pelo site www.comprasnet.gov.br ou s er solicitado pelo e-mail: vpr.licitacao@presid encia.gov.br;5;HELEN GONCALVES DIAS;12014;NA;300000027201421;Pregão Eletrônico A presente licitaç ão tem por objeto a aquisição de suprimentos pa ra abastecimento da Copa da Vice-Presidência da República;Publicado;Eletrônico;Nacional;110101;CAFÉ;264;2310.00;CAFÉ, TIPO TORRADO, APRESENTAÇÃO MOÍDO, TIPO EMBALAGEM ALTO VÁCUO;false;cancelado na aceitação;3168.00;false;NA;NA;PACOTE 1,00 KG;NA;/pregoes/doc/pregao/1101010000012014;232173
6535;2014-02-19T14:00:00;2014-02-07T09:00:00;2014-02-07T09:00:00;2014-02-07;Rua Rodrigo Silva Nº 26 - 18º Andar - Centro/RJ;Pregoeiro;11010205000012000;O Edital deverá ser baixado junto ao sítio www.comprasnet.gov.br .;5;JEFFERSON MIRANDA DA COSTA;12014;NA;592001131201314;Pregão Eletrônico Registro de Preços para a aquisição de gênero de alimentação CA FÉ, para atender às necessidades das Unidades C ircunscritas da Superintendência de Administraç ão no Rio de Janeiro SAD/RJ, conforme condiçõ es, quantidades e exigências estabelecidas no T ermo de referência.;Publicado;Eletrônico;Nacional;110102;CAFÉ;7324;8.04;CAFÉ, TIPO TORRADO, APRESENTAÇÃO MOÍDO, TIPO EMBALAGEM A VÁCUO, VALIDADE PRAZOMÍNIMO DE 1 ANO, CARACTERÍSTICAS ADICIONAIS SELO DE PUREZA DA ABIC;false;homologado;4.10;false;NA;NA;PACOTE 500,00 G;NA;/pregoes/doc/pregao/1101020000012014;300655
6536;2014-02-19T14:00:00;2014-02-07T09:00:00;2014-02-07T09:00:00;2014-02-07;Rua Rodrigo Silva Nº 26 - 18º Andar - Centro/RJ;Pregoeiro;11010205000012000;O Edital deverá ser baixado junto ao sítio www.comprasnet.gov.br .;5;JEFFERSON MIRANDA DA COSTA;12014;NA;592001131201314;Pregão Eletrônico Registro de Preços para a aquisição de gênero de alimentação CA FÉ, para atender às necessidades das Unidades C ircunscritas da Superintendência de Administraç ão no Rio de Janeiro SAD/RJ, conforme condiçõ es, quantidades e exigências estabelecidas no T ermo de referência.;Publicado;Eletrônico;Nacional;110102;CAFÉ;5112;7.43;CAFÉ, TIPO TORRADO, APRESENTAÇÃO MOÍDO, TIPO EMBALAGEM A VÁCUO, VALIDADE PRAZOMÍNIMO DE 1 ANO, CARACTERÍSTICAS ADICIONAIS SELO DE PUREZA DA ABIC;false;homologado;4.14;false;NA;NA;PACOTE 500,00 G;NA;/pregoes/doc/pregao/1101020000012014;300655
6537;2014-02-19T14:00:00;2014-02-07T09:00:00;2014-02-07T09:00:00;2014-02-07;Rua Rodrigo Silva Nº 26 - 18º Andar - Centro/RJ;Pregoeiro;11010205000012000;O Edital deverá ser baixado junto ao sítio www.comprasnet.gov.br .;5;JEFFERSON MIRANDA DA COSTA;12014;NA;592001131201314;Pregão Eletrônico Registro de Preços para a aquisição de gênero de alimentação CA FÉ, para atender às necessidades das Unidades C ircunscritas da Superintendência de Administraç ão no Rio de Janeiro SAD/RJ, conforme condiçõ es, quantidades e exigências estabelecidas no T ermo de referência.;Publicado;Eletrônico;Nacional;110102;CAFÉ;450;8.04;CAFÉ, TIPO TORRADO, APRESENTAÇÃO MOÍDO, TIPO EMBALAGEM A VÁCUO, VALIDADE PRAZOMÍNIMO DE 1 ANO, CARACTERÍSTICAS ADICIONAIS SELO DE PUREZA DA ABIC;false;homologado;4.31;false;NA;NA;PACOTE 500,00 G;NA;/pregoes/doc/pregao/1101020000012014;300655
6538;2014-02-19T14:00:00;2014-02-07T09:00:00;2014-02-07T09:00:00;2014-02-07;Rua Rodrigo Silva Nº 26 - 18º Andar - Centro/RJ;Pregoeiro;11010205000012000;O Edital deverá ser baixado junto ao sítio www.comprasnet.gov.br .;5;JEFFERSON MIRANDA DA COSTA;12014;NA;592001131201314;Pregão Eletrônico Registro de Preços para a aquisição de gênero de alimentação CA FÉ, para atender às necessidades das Unidades C ircunscritas da Superintendência de Administraç ão no Rio de Janeiro SAD/RJ, conforme condiçõ es, quantidades e exigências estabelecidas no T ermo de referência.;Publicado;Eletrônico;Nacional;110102;CAFÉ;450;7.43;CAFÉ, TIPO TORRADO, APRESENTAÇÃO MOÍDO, TIPO EMBALAGEM A VÁCUO, VALIDADE PRAZOMÍNIMO DE 1 ANO, CARACTERÍSTICAS ADICIONAIS SELO DE PUREZA DA ABIC;false;cancelado;NA;false;NA;NA;PACOTE 500,00 G;NA;/pregoes/doc/pregao/1101020000012014;300655
6746;2014-09-18T09:30:00;2014-09-08T08:00:00;2014-09-08T08:00:00;2014-09-08;Esplanada Dos Ministérios, Bloco  polegadaso polegadas, 9º Andar - Plano Piloto/DF;Ordenador de Despesa;11035505000012000;NA;5;GERMINIO ZANARDO JUNIOR;12014;NA;18000469201463;Pregão Eletrônico Registro de preços , com vistas a contratação de empresa para pres imento de materiais necessários. tação de serviços de realização de eventos e co rrelatos para a Secretaria de Assuntos Estratég icos da Presidência da República  SAE/PR, em t odo o território nacional, sob demanda, abrange ndo planejamento operacional, organização, exec ução, acompanhamento, fornecimento de alimentaç ão e bebida, infraestrutura, transportes, apoio logístico, ornamentação e a confecção e fornec;Publicado;Eletrônico;Nacional;110355;Decoração - Eventos / Solenidades;800;18.00;Café ou chá - fora de ambiente hoteleiro;false;homologado;2.00;false;NA;NA;unidade;NA;/pregoes/doc/pregao/1103550000012014;NA
6755;2014-09-18T09:30:00;2014-09-08T08:00:00;2014-09-08T08:00:00;2014-09-08;Esplanada Dos Ministérios, Bloco  polegadaso polegadas, 9º Andar - Plano Piloto/DF;Ordenador de Despesa;11035505000012000;NA;5;GERMINIO ZANARDO JUNIOR;12014;NA;18000469201463;Pregão Eletrônico Registro de preços , com vistas a contratação de empresa para pres imento de materiais necessários. tação de serviços de realização de eventos e co rrelatos para a Secretaria de Assuntos Estratég icos da Presidência da República  SAE/PR, em t odo o território nacional, sob demanda, abrange ndo planejamento operacional, organização, exec ução, acompanhamento, fornecimento de alimentaç ão e bebida, infraestrutura, transportes, apoio logístico, ornamentação e a confecção e fornec;Publicado;Eletrônico;Nacional;110355;Decoração - Eventos / Solenidades;800;28.00;Café ou chá - dentro de ambiente hoteleiro;false;homologado;10.00;false;NA;NA;unidade;NA;/pregoes/doc/pregao/1103550000012014;NA
7042;2014-01-23T09:30:00;2014-01-13T08:00:00;2014-01-13T08:00:00;2014-01-13;Scs Qd. 08, Ed. Super Center Venâncio 2000, Bl. B-50/60_1º Subsol - Asa Sul/DF;Pregoeira;11540605000012000;NA;5;NEIRE MARIS MARQUES;12014;NA;002449/2013;Pregão Eletrônico Contratação de emp resa especializada no fornecimento de Café em p ó homogêneo, torrado e moído e Açúcar Refinado para uso e consumo nas dependências da EBC, no Rio de Janeiro/RJ, durante o exercício de 2014.;Publicado;Eletrônico;Nacional;115406;CAFÉ;3600;50184.00;CAFÉ, NOME CAFE MOIDO - Café em pó homogêneo,  torrado e moído, embalado à  vácuo, fornecido em pacote de  500 (quinhentos) gramas.;false;homologado;28580.00;false;NA;NA;quilograma;NA;/pregoes/doc/pregao/1154060000012014;9725
9942;2014-02-14T10:00:00;2014-02-04T08:00:00;2014-02-04T08:00:00;2014-02-04;Av.dr. Carlos Firpo, Nº 428 - Bairro Industrial - /SE;Chefe do Setor de Compras e Contratos;13002805000012000;NA;5;JOSE RONALDO DA SILVA SANTOS;12014;NA;2105400032201460;Pregão Eletrônico Aquisição de gêner os alimentícios e copos descartáveis;Publicado;Eletrônico;Nacional;130028;CAFÉ;4550;3.72;CAFÉ, APRESENTAÇÃO TORRADO E MOÍDO, CARACTERÍSTICAS ADICIONAIS SELO PUREZA    ABIC,MÍNIMO 7,3 PONTOS NA ESCALA SENS O;false;homologado;2.25;false;NA;NA;PACOTE 250,00 G;NA;/pregoes/doc/pregao/1300280000012014;334243
10113;2014-07-10T10:00:00;2014-06-30T09:00:00;2014-06-30T09:00:00;2014-06-30;Rua Treze de Maio Nr.1558 7  Andar Sala 73 Bela Vista - Bela Vista/SP;Ordenador de Despesas;13006705000012000;NA;5;FRANCISCO SERGIO FERREIRA JARDIM;12014;NA;21052014218201300;Pregão Eletrônico Registro de preços para eventual aquisição de Genero Alimenticio, e de Material de Limpeza, para atender às nece ssidades do MINISTÉRIO DA AGRICULTURA, PECUÁRIA E ABASTECIMENTO  SUPERINTENDÊNCIA FEDERAL DE AGRICULTURA NO ESTADO DE SÃO PAULO, conforme es pecificações e quantidades estabelecidas na IRP .;Publicado;Eletrônico;Nacional;130067;CAFÉ;7700;5.81;CAFÉ, TIPO SUPERIOR/TORRADO E MOÍDO, APRESENTAÇÃO PÓ, TIPO EMBALAGEM A VÁCUO, VALIDADE MÍNIMA DE 10 MESES DA DATA DA ENTREGA, NORMAS TÉCNICAS LAUDO DE      CLASSIFICAÇÃO DA QUALIDADE DA BEBIDA, CARACTERÍSTICAS ADICIONAIS MÍNIMO 6,5   PONTOS ESCALA SENSORIAL COM LAUDO;false;homologado;4.47;false;NA;NA;PACOTE 500,00 G;NA;/pregoes/doc/pregao/1300670000012014;328906
10114;2014-07-10T10:00:00;2014-06-30T09:00:00;2014-06-30T09:00:00;2014-06-30;Rua Treze de Maio Nr.1558 7  Andar Sala 73 Bela Vista - Bela Vista/SP;Ordenador de Despesas;13006705000012000;NA;5;FRANCISCO SERGIO FERREIRA JARDIM;12014;NA;21052014218201300;Pregão Eletrônico Registro de preços para eventual aquisição de Genero Alimenticio, e de Material de Limpeza, para atender às nece ssidades do MINISTÉRIO DA AGRICULTURA, PECUÁRIA E ABASTECIMENTO  SUPERINTENDÊNCIA FEDERAL DE AGRICULTURA NO ESTADO DE SÃO PAULO, conforme es pecificações e quantidades estabelecidas na IRP .;Publicado;Eletrônico;Nacional;130067;CAFÉ;700;27.82;CAFÉ, APRESENTAÇÃO GRÃO SELECIONADO, CARACTERÍSTICAS ADICIONAIS EXPRESSO, PRÉ-TORRADO, PENEIRA 18, TIPO EXPORTAÇÃ O;false;cancelado na aceitação;13.97;false;NA;NA;PACOTE 1,00 KG;NA;/pregoes/doc/pregao/1300670000012014;341434
10226;2014-10-06T09:30:00;2014-09-19T08:00:00;2014-09-19T08:00:00;2014-09-19;Rua Alameda Annibal Molina S/n - Varzea Grande - Alameda/MT;Ordenadora de Despesas;13007805000012000;NA;5;MARINA DA CONCEICAO PADILHA E SILVA;12014;NA;21178000014201500;Pregão Eletrônico Material de gênero alimentício, copa e cozinha, expediente, proce ssamento de dados e elétrico.;Publicado;Eletrônico;Nacional;130078;CAFÉ;200;3.80;CAFÉ, tipo forte torrado exportação, apresentação moído, tipo embalagem a vácuo com 250g com validade mínima de 12 meses.;false;homologado;3.78;false;NA;NA;PACOTE 0000000250 G;NA;/pregoes/doc/pregao/1300780000012014;9725
10262;2014-03-31T09:00:00;2014-03-19T08:30:00;2014-03-19T08:30:00;2014-03-19;Praca Civica, Nr. 100 - Central/GO;Pregoeiro Oficial;13008005000012000;NA;5;VALDIR FERREIRA BISPO;12014;NA;21020000262201400;Pregão Eletrônico O objeto desta lic itção é a aquisição de água mineral, açúcar cri stal, café e cargas de gás GLP para uso domésti co, visando atender às necessidas da Superinten dência Federal de Agricultura, Pecuária e Abast ecimento em Goiás SFA/GO, conforme especifica ções e quantidades estabelecidas no Termo de Re ferência, no Edital e seus Anexos.;Publicado;Eletrônico;Nacional;130080;CAFÉ;900;6178.50;CAFÉ, NOME CAFE MOIDO,(450 quilos) extra forte, em pó, de primeira qualidade, tipo tijolinho embalado à vácuo em pacotes de 500grs, com validade mínima de 12 (doze) meses após o empacotamento, com selo da ABIC, rotulagem segundo os padrões da Resolução n¨ 259, de 20.09.2002 do M.S.;false;homologado;5233.29;false;NA;NA;Pacote de 500 grs.;5229.00;/pregoes/doc/pregao/1300800000012014;9725
10337;2014-06-20T09:00:00;2014-06-09T08:00:00;2014-06-09T08:00:00;2014-06-09;Rua Tiradentes, 469 - Centro - /AP;Pregoeiro;13010005000012000;NA;5;AECIO FLAVIO DE OLIVEIRA MOTA FILHO;12014;NA;2100800163/2014-4;Pregão Eletrônico Fornecimento de ma térias de consumo conforme especificação no qua dro demonstrativo previsto no termo de referenc ia anexo I do edital;Publicado;Eletrônico;Nacional;130100;CAFÉ;150;450.00;CAFÉ, APRESENTAÇÃO PÓ, TIPO EMBALAGEM A VÁCUO;false;cancelado na aceitação;560.00;false;NA;NA;PACOTE 250,00 G;NA;/pregoes/doc/pregao/1301000000012014;217372
10981;2014-02-05T09:00:00;2014-01-24T08:00:00;2014-01-24T08:00:00;2014-01-24;Rua Livramento, 515 Cx. Postal 130 - Bento Gonçalves/rs - Conceição/RS;Chefe Geral;13503305000012000;NA;5;LUCAS DA RESSURREICAO GARRIDO;12014;NA;21206000805/2013-;Pregão Eletrônico Aquisição de gêner os alimentícios para a Embrapa Uva e Vinho.;Publicado;Eletrônico;Nacional;135033;CAFÉ;1100;6.59;CAFÉ, TIPO FORTE TORRADO EXPORTAÇÃO, APRESENTAÇÃO MOÍDO, TIPO EMBALAGEM A     VÁCUO;false;homologado;5.81;false;NA;NA;PACOTE 500,00 G;NA;/pregoes/doc/pregao/1350330000012014;217370
11251;2014-03-28T13:30:00;2014-03-18T08:30:00;2014-03-18T08:30:00;2014-03-18;Estrada Dos Pioneiros, 3131 - Jardim Morumbi - /PR;Pregoeira;15014805000012000;NA;5;MARIA ELENI CURTI;12014;NA;3064000288201490;Pregão Eletrônico Aquisição de gêner os alimentícios para atender a UTFPR Câmpus L ondrina.;Publicado;Eletrônico;Nacional;150148;CAFÉ;1000;8.90;CAFÉ, torrado e moído. Embalagem a vácuo de 500 gramas, de primeira qualidade, com selo de pureza da Associação Brasileira da Indústria do Café - ABIC.;false;homologado;8.68;false;NA;NA;PACOTE 500 gramas;NA;/pregoes/doc/pregao/1501480000012014;NA
11914;2014-03-11T10:00:00;2014-02-21T08:00:00;2014-02-21T08:00:00;2014-02-21;Praca Andre de Albuquerque, 534 - Cidade Alta - /RN;Pregoeiro;7000805000012010;Registro de Preços.;5;ANSELMO PEREIRA SILVA;12014;NA;6894/13 (13556);Pregão Eletrônico Registro de Preço objetivando eventual Aquisição de Material de C onsumo para Uso Ordinário e Eleições (Gêneros A limentícios  Café).;Publicado;Eletrônico;Nacional;70008;CAFÉ;16000;3.15;CAFÉ, TIPO TORRADO, APRESENTAÇÃO MOÍDO, TIPO EMBALAGEM A VÁCUO;false;homologado;2.18;false;NA;NA;PACOTE 250,00 G;NA;/pregoes/doc/pregao/0700080000012014;217366
12108;2014-01-27T11:00:00;2014-01-14T08:00:00;2014-01-14T08:00:00;2014-01-14;Av. Getulio Vargas, 3999 - /RR;Pregoeira;9003905000012020;Será uma licitação por grup os.;5;NANCIS TEREZA DANIELI LIMA;12014;NA;262/2013;Pregão Eletrônico Registro de preços para aquisição de gêneros alimentícios e mater ial de copa e cozinha, conforme anexo I do Edit al 02/2014.;Publicado;Eletrônico;Nacional;90039;CAFÉ;1200;10.88;CAFÉ, TIPO TORRADO, APRESENTAÇÃO MOÍDO, TIPO EMBALAGEM A VÁCUO,               CARACTERÍSTICAS ADICIONAIS EXTRA FORTE;false;adjudicado;4.80;false;NA;NA;PACOTE 500,00 G;NA;/pregoes/doc/pregao/0900390000012014;NA
12178;2014-02-27T10:00:00;2014-02-17T09:00:00;2014-02-17T09:00:00;2014-02-17;Anexo Ii-b Palacio do Planalto Sala 114 Térreo - /DF;Pregoeira;11010105000012000;O presente Edital poderá se r retirado pelo site www.comprasnet.gov.br ou s er solicitado pelo e-mail: vpr.licitacao@presid encia.gov.br;5;HELEN GONCALVES DIAS;12014;NA;300000027201421;Pregão Eletrônico A presente licitaç ão tem por objeto a aquisição de suprimentos pa ra abastecimento da Copa da Vice-Presidência da República;Publicado;Eletrônico;Nacional;110101;CAFÉ;264;2310.00;CAFÉ, TIPO TORRADO, APRESENTAÇÃO MOÍDO, TIPO EMBALAGEM ALTO VÁCUO;false;cancelado na aceitação;3168.00;false;NA;NA;PACOTE 1,00 KG;NA;/pregoes/doc/pregao/1101010000012014;232173
12191;2014-02-19T14:00:00;2014-02-07T09:00:00;2014-02-07T09:00:00;2014-02-07;Rua Rodrigo Silva Nº 26 - 18º Andar - Centro/RJ;Pregoeiro;11010205000012000;O Edital deverá ser baixado junto ao sítio www.comprasnet.gov.br .;5;JEFFERSON MIRANDA DA COSTA;12014;NA;592001131201314;Pregão Eletrônico Registro de Preços para a aquisição de gênero de alimentação CA FÉ, para atender às necessidades das Unidades C ircunscritas da Superintendência de Administraç ão no Rio de Janeiro SAD/RJ, conforme condiçõ es, quantidades e exigências estabelecidas no T ermo de referência.;Publicado;Eletrônico;Nacional;110102;CAFÉ;7324;8.04;CAFÉ, TIPO TORRADO, APRESENTAÇÃO MOÍDO, TIPO EMBALAGEM A VÁCUO, VALIDADE PRAZOMÍNIMO DE 1 ANO, CARACTERÍSTICAS ADICIONAIS SELO DE PUREZA DA ABIC;false;homologado;4.10;false;NA;NA;PACOTE 500,00 G;NA;/pregoes/doc/pregao/1101020000012014;300655
12192;2014-02-19T14:00:00;2014-02-07T09:00:00;2014-02-07T09:00:00;2014-02-07;Rua Rodrigo Silva Nº 26 - 18º Andar - Centro/RJ;Pregoeiro;11010205000012000;O Edital deverá ser baixado junto ao sítio www.comprasnet.gov.br .;5;JEFFERSON MIRANDA DA COSTA;12014;NA;592001131201314;Pregão Eletrônico Registro de Preços para a aquisição de gênero de alimentação CA FÉ, para atender às necessidades das Unidades C ircunscritas da Superintendência de Administraç ão no Rio de Janeiro SAD/RJ, conforme condiçõ es, quantidades e exigências estabelecidas no T ermo de referência.;Publicado;Eletrônico;Nacional;110102;CAFÉ;5112;7.43;CAFÉ, TIPO TORRADO, APRESENTAÇÃO MOÍDO, TIPO EMBALAGEM A VÁCUO, VALIDADE PRAZOMÍNIMO DE 1 ANO, CARACTERÍSTICAS ADICIONAIS SELO DE PUREZA DA ABIC;false;homologado;4.14;false;NA;NA;PACOTE 500,00 G;NA;/pregoes/doc/pregao/1101020000012014;300655
12193;2014-02-19T14:00:00;2014-02-07T09:00:00;2014-02-07T09:00:00;2014-02-07;Rua Rodrigo Silva Nº 26 - 18º Andar - Centro/RJ;Pregoeiro;11010205000012000;O Edital deverá ser baixado junto ao sítio www.comprasnet.gov.br .;5;JEFFERSON MIRANDA DA COSTA;12014;NA;592001131201314;Pregão Eletrônico Registro de Preços para a aquisição de gênero de alimentação CA FÉ, para atender às necessidades das Unidades C ircunscritas da Superintendência de Administraç ão no Rio de Janeiro SAD/RJ, conforme condiçõ es, quantidades e exigências estabelecidas no T ermo de referência.;Publicado;Eletrônico;Nacional;110102;CAFÉ;450;8.04;CAFÉ, TIPO TORRADO, APRESENTAÇÃO MOÍDO, TIPO EMBALAGEM A VÁCUO, VALIDADE PRAZOMÍNIMO DE 1 ANO, CARACTERÍSTICAS ADICIONAIS SELO DE PUREZA DA ABIC;false;homologado;4.31;false;NA;NA;PACOTE 500,00 G;NA;/pregoes/doc/pregao/1101020000012014;300655
12194;2014-02-19T14:00:00;2014-02-07T09:00:00;2014-02-07T09:00:00;2014-02-07;Rua Rodrigo Silva Nº 26 - 18º Andar - Centro/RJ;Pregoeiro;11010205000012000;O Edital deverá ser baixado junto ao sítio www.comprasnet.gov.br .;5;JEFFERSON MIRANDA DA COSTA;12014;NA;592001131201314;Pregão Eletrônico Registro de Preços para a aquisição de gênero de alimentação CA FÉ, para atender às necessidades das Unidades C ircunscritas da Superintendência de Administraç ão no Rio de Janeiro SAD/RJ, conforme condiçõ es, quantidades e exigências estabelecidas no T ermo de referência.;Publicado;Eletrônico;Nacional;110102;CAFÉ;450;7.43;CAFÉ, TIPO TORRADO, APRESENTAÇÃO MOÍDO, TIPO EMBALAGEM A VÁCUO, VALIDADE PRAZOMÍNIMO DE 1 ANO, CARACTERÍSTICAS ADICIONAIS SELO DE PUREZA DA ABIC;false;cancelado;NA;false;NA;NA;PACOTE 500,00 G;NA;/pregoes/doc/pregao/1101020000012014;300655
12402;2014-09-18T09:30:00;2014-09-08T08:00:00;2014-09-08T08:00:00;2014-09-08;Esplanada Dos Ministérios, Bloco  polegadaso polegadas, 9º Andar - Plano Piloto/DF;Ordenador de Despesa;11035505000012000;NA;5;GERMINIO ZANARDO JUNIOR;12014;NA;18000469201463;Pregão Eletrônico Registro de preços , com vistas a contratação de empresa para pres imento de materiais necessários. tação de serviços de realização de eventos e co rrelatos para a Secretaria de Assuntos Estratég icos da Presidência da República  SAE/PR, em t odo o território nacional, sob demanda, abrange ndo planejamento operacional, organização, exec ução, acompanhamento, fornecimento de alimentaç ão e bebida, infraestrutura, transportes, apoio logístico, ornamentação e a confecção e fornec;Publicado;Eletrônico;Nacional;110355;Decoração - Eventos / Solenidades;800;18.00;Café ou chá - fora de ambiente hoteleiro;false;homologado;2.00;false;NA;NA;unidade;NA;/pregoes/doc/pregao/1103550000012014;NA
12411;2014-09-18T09:30:00;2014-09-08T08:00:00;2014-09-08T08:00:00;2014-09-08;Esplanada Dos Ministérios, Bloco  polegadaso polegadas, 9º Andar - Plano Piloto/DF;Ordenador de Despesa;11035505000012000;NA;5;GERMINIO ZANARDO JUNIOR;12014;NA;18000469201463;Pregão Eletrônico Registro de preços , com vistas a contratação de empresa para pres imento de materiais necessários. tação de serviços de realização de eventos e co rrelatos para a Secretaria de Assuntos Estratég icos da Presidência da República  SAE/PR, em t odo o território nacional, sob demanda, abrange ndo planejamento operacional, organização, exec ução, acompanhamento, fornecimento de alimentaç ão e bebida, infraestrutura, transportes, apoio logístico, ornamentação e a confecção e fornec;Publicado;Eletrônico;Nacional;110355;Decoração - Eventos / Solenidades;800;28.00;Café ou chá - dentro de ambiente hoteleiro;false;homologado;10.00;false;NA;NA;unidade;NA;/pregoes/doc/pregao/1103550000012014;NA
12698;2014-01-23T09:30:00;2014-01-13T08:00:00;2014-01-13T08:00:00;2014-01-13;Scs Qd. 08, Ed. Super Center Venâncio 2000, Bl. B-50/60_1º Subsol - Asa Sul/DF;Pregoeira;11540605000012000;NA;5;NEIRE MARIS MARQUES;12014;NA;002449/2013;Pregão Eletrônico Contratação de emp resa especializada no fornecimento de Café em p ó homogêneo, torrado e moído e Açúcar Refinado para uso e consumo nas dependências da EBC, no Rio de Janeiro/RJ, durante o exercício de 2014.;Publicado;Eletrônico;Nacional;115406;CAFÉ;3600;50184.00;CAFÉ, NOME CAFE MOIDO - Café em pó homogêneo,  torrado e moído, embalado à  vácuo, fornecido em pacote de  500 (quinhentos) gramas.;false;homologado;28580.00;false;NA;NA;quilograma;NA;/pregoes/doc/pregao/1154060000012014;9725
15598;2014-02-14T10:00:00;2014-02-04T08:00:00;2014-02-04T08:00:00;2014-02-04;Av.dr. Carlos Firpo, Nº 428 - Bairro Industrial - /SE;Chefe do Setor de Compras e Contratos;13002805000012000;NA;5;JOSE RONALDO DA SILVA SANTOS;12014;NA;2105400032201460;Pregão Eletrônico Aquisição de gêner os alimentícios e copos descartáveis;Publicado;Eletrônico;Nacional;130028;CAFÉ;4550;3.72;CAFÉ, APRESENTAÇÃO TORRADO E MOÍDO, CARACTERÍSTICAS ADICIONAIS SELO PUREZA    ABIC,MÍNIMO 7,3 PONTOS NA ESCALA SENS O;false;homologado;2.25;false;NA;NA;PACOTE 250,00 G;NA;/pregoes/doc/pregao/1300280000012014;334243
15769;2014-07-10T10:00:00;2014-06-30T09:00:00;2014-06-30T09:00:00;2014-06-30;Rua Treze de Maio Nr.1558 7  Andar Sala 73 Bela Vista - Bela Vista/SP;Ordenador de Despesas;13006705000012000;NA;5;FRANCISCO SERGIO FERREIRA JARDIM;12014;NA;21052014218201300;Pregão Eletrônico Registro de preços para eventual aquisição de Genero Alimenticio, e de Material de Limpeza, para atender às nece ssidades do MINISTÉRIO DA AGRICULTURA, PECUÁRIA E ABASTECIMENTO  SUPERINTENDÊNCIA FEDERAL DE AGRICULTURA NO ESTADO DE SÃO PAULO, conforme es pecificações e quantidades estabelecidas na IRP .;Publicado;Eletrônico;Nacional;130067;CAFÉ;7700;5.81;CAFÉ, TIPO SUPERIOR/TORRADO E MOÍDO, APRESENTAÇÃO PÓ, TIPO EMBALAGEM A VÁCUO, VALIDADE MÍNIMA DE 10 MESES DA DATA DA ENTREGA, NORMAS TÉCNICAS LAUDO DE      CLASSIFICAÇÃO DA QUALIDADE DA BEBIDA, CARACTERÍSTICAS ADICIONAIS MÍNIMO 6,5   PONTOS ESCALA SENSORIAL COM LAUDO;false;homologado;4.47;false;NA;NA;PACOTE 500,00 G;NA;/pregoes/doc/pregao/1300670000012014;328906
15770;2014-07-10T10:00:00;2014-06-30T09:00:00;2014-06-30T09:00:00;2014-06-30;Rua Treze de Maio Nr.1558 7  Andar Sala 73 Bela Vista - Bela Vista/SP;Ordenador de Despesas;13006705000012000;NA;5;FRANCISCO SERGIO FERREIRA JARDIM;12014;NA;21052014218201300;Pregão Eletrônico Registro de preços para eventual aquisição de Genero Alimenticio, e de Material de Limpeza, para atender às nece ssidades do MINISTÉRIO DA AGRICULTURA, PECUÁRIA E ABASTECIMENTO  SUPERINTENDÊNCIA FEDERAL DE AGRICULTURA NO ESTADO DE SÃO PAULO, conforme es pecificações e quantidades estabelecidas na IRP .;Publicado;Eletrônico;Nacional;130067;CAFÉ;700;27.82;CAFÉ, APRESENTAÇÃO GRÃO SELECIONADO, CARACTERÍSTICAS ADICIONAIS EXPRESSO, PRÉ-TORRADO, PENEIRA 18, TIPO EXPORTAÇÃ O;false;cancelado na aceitação;13.97;false;NA;NA;PACOTE 1,00 KG;NA;/pregoes/doc/pregao/1300670000012014;341434
15882;2014-10-06T09:30:00;2014-09-19T08:00:00;2014-09-19T08:00:00;2014-09-19;Rua Alameda Annibal Molina S/n - Varzea Grande - Alameda/MT;Ordenadora de Despesas;13007805000012000;NA;5;MARINA DA CONCEICAO PADILHA E SILVA;12014;NA;21178000014201500;Pregão Eletrônico Material de gênero alimentício, copa e cozinha, expediente, proce ssamento de dados e elétrico.;Publicado;Eletrônico;Nacional;130078;CAFÉ;200;3.80;CAFÉ, tipo forte torrado exportação, apresentação moído, tipo embalagem a vácuo com 250g com validade mínima de 12 meses.;false;homologado;3.78;false;NA;NA;PACOTE 0000000250 G;NA;/pregoes/doc/pregao/1300780000012014;9725
15918;2014-03-31T09:00:00;2014-03-19T08:30:00;2014-03-19T08:30:00;2014-03-19;Praca Civica, Nr. 100 - Central/GO;Pregoeiro Oficial;13008005000012000;NA;5;VALDIR FERREIRA BISPO;12014;NA;21020000262201400;Pregão Eletrônico O objeto desta lic itção é a aquisição de água mineral, açúcar cri stal, café e cargas de gás GLP para uso domésti co, visando atender às necessidas da Superinten dência Federal de Agricultura, Pecuária e Abast ecimento em Goiás SFA/GO, conforme especifica ções e quantidades estabelecidas no Termo de Re ferência, no Edital e seus Anexos.;Publicado;Eletrônico;Nacional;130080;CAFÉ;900;6178.50;CAFÉ, NOME CAFE MOIDO,(450 quilos) extra forte, em pó, de primeira qualidade, tipo tijolinho embalado à vácuo em pacotes de 500grs, com validade mínima de 12 (doze) meses após o empacotamento, com selo da ABIC, rotulagem segundo os padrões da Resolução n¨ 259, de 20.09.2002 do M.S.;false;homologado;5233.29;false;NA;NA;Pacote de 500 grs.;5229.00;/pregoes/doc/pregao/1300800000012014;9725
15993;2014-06-20T09:00:00;2014-06-09T08:00:00;2014-06-09T08:00:00;2014-06-09;Rua Tiradentes, 469 - Centro - /AP;Pregoeiro;13010005000012000;NA;5;AECIO FLAVIO DE OLIVEIRA MOTA FILHO;12014;NA;2100800163/2014-4;Pregão Eletrônico Fornecimento de ma térias de consumo conforme especificação no qua dro demonstrativo previsto no termo de referenc ia anexo I do edital;Publicado;Eletrônico;Nacional;130100;CAFÉ;150;450.00;CAFÉ, APRESENTAÇÃO PÓ, TIPO EMBALAGEM A VÁCUO;false;cancelado na aceitação;560.00;false;NA;NA;PACOTE 250,00 G;NA;/pregoes/doc/pregao/1301000000012014;217372
16637;2014-02-05T09:00:00;2014-01-24T08:00:00;2014-01-24T08:00:00;2014-01-24;Rua Livramento, 515 Cx. Postal 130 - Bento Gonçalves/rs - Conceição/RS;Chefe Geral;13503305000012000;NA;5;LUCAS DA RESSURREICAO GARRIDO;12014;NA;21206000805/2013-;Pregão Eletrônico Aquisição de gêner os alimentícios para a Embrapa Uva e Vinho.;Publicado;Eletrônico;Nacional;135033;CAFÉ;1100;6.59;CAFÉ, TIPO FORTE TORRADO EXPORTAÇÃO, APRESENTAÇÃO MOÍDO, TIPO EMBALAGEM A     VÁCUO;false;homologado;5.81;false;NA;NA;PACOTE 500,00 G;NA;/pregoes/doc/pregao/1350330000012014;217370
16907;2014-03-28T13:30:00;2014-03-18T08:30:00;2014-03-18T08:30:00;2014-03-18;Estrada Dos Pioneiros, 3131 - Jardim Morumbi - /PR;Pregoeira;15014805000012000;NA;5;MARIA ELENI CURTI;12014;NA;3064000288201490;Pregão Eletrônico Aquisição de gêner os alimentícios para atender a UTFPR Câmpus L ondrina.;Publicado;Eletrônico;Nacional;150148;CAFÉ;1000;8.90;CAFÉ, torrado e moído. Embalagem a vácuo de 500 gramas, de primeira qualidade, com selo de pureza da Associação Brasileira da Indústria do Café - ABIC.;false;homologado;8.68;false;NA;NA;PACOTE 500 gramas;NA;/pregoes/doc/pregao/1501480000012014;NA
17570;2014-03-11T10:00:00;2014-02-21T08:00:00;2014-02-21T08:00:00;2014-02-21;Praca Andre de Albuquerque, 534 - Cidade Alta - /RN;Pregoeiro;7000805000012010;Registro de Preços.;5;ANSELMO PEREIRA SILVA;12014;NA;6894/13 (13556);Pregão Eletrônico Registro de Preço objetivando eventual Aquisição de Material de C onsumo para Uso Ordinário e Eleições (Gêneros A limentícios  Café).;Publicado;Eletrônico;Nacional;70008;CAFÉ;16000;3.15;CAFÉ, TIPO TORRADO, APRESENTAÇÃO MOÍDO, TIPO EMBALAGEM A VÁCUO;false;homologado;2.18;false;NA;NA;PACOTE 250,00 G;NA;/pregoes/doc/pregao/0700080000012014;217366
17764;2014-01-27T11:00:00;2014-01-14T08:00:00;2014-01-14T08:00:00;2014-01-14;Av. Getulio Vargas, 3999 - /RR;Pregoeira;9003905000012020;Será uma licitação por grup os.;5;NANCIS TEREZA DANIELI LIMA;12014;NA;262/2013;Pregão Eletrônico Registro de preços para aquisição de gêneros alimentícios e mater ial de copa e cozinha, conforme anexo I do Edit al 02/2014.;Publicado;Eletrônico;Nacional;90039;CAFÉ;1200;10.88;CAFÉ, TIPO TORRADO, APRESENTAÇÃO MOÍDO, TIPO EMBALAGEM A VÁCUO,               CARACTERÍSTICAS ADICIONAIS EXTRA FORTE;false;adjudicado;4.80;false;NA;NA;PACOTE 500,00 G;NA;/pregoes/doc/pregao/0900390000012014;NA
17834;2014-02-27T10:00:00;2014-02-17T09:00:00;2014-02-17T09:00:00;2014-02-17;Anexo Ii-b Palacio do Planalto Sala 114 Térreo - /DF;Pregoeira;11010105000012000;O presente Edital poderá se r retirado pelo site www.comprasnet.gov.br ou s er solicitado pelo e-mail: vpr.licitacao@presid encia.gov.br;5;HELEN GONCALVES DIAS;12014;NA;300000027201421;Pregão Eletrônico A presente licitaç ão tem por objeto a aquisição de suprimentos pa ra abastecimento da Copa da Vice-Presidência da República;Publicado;Eletrônico;Nacional;110101;CAFÉ;264;2310.00;CAFÉ, TIPO TORRADO, APRESENTAÇÃO MOÍDO, TIPO EMBALAGEM ALTO VÁCUO;false;cancelado na aceitação;3168.00;false;NA;NA;PACOTE 1,00 KG;NA;/pregoes/doc/pregao/1101010000012014;232173
17847;2014-02-19T14:00:00;2014-02-07T09:00:00;2014-02-07T09:00:00;2014-02-07;Rua Rodrigo Silva Nº 26 - 18º Andar - Centro/RJ;Pregoeiro;11010205000012000;O Edital deverá ser baixado junto ao sítio www.comprasnet.gov.br .;5;JEFFERSON MIRANDA DA COSTA;12014;NA;592001131201314;Pregão Eletrônico Registro de Preços para a aquisição de gênero de alimentação CA FÉ, para atender às necessidades das Unidades C ircunscritas da Superintendência de Administraç ão no Rio de Janeiro SAD/RJ, conforme condiçõ es, quantidades e exigências estabelecidas no T ermo de referência.;Publicado;Eletrônico;Nacional;110102;CAFÉ;7324;8.04;CAFÉ, TIPO TORRADO, APRESENTAÇÃO MOÍDO, TIPO EMBALAGEM A VÁCUO, VALIDADE PRAZOMÍNIMO DE 1 ANO, CARACTERÍSTICAS ADICIONAIS SELO DE PUREZA DA ABIC;false;homologado;4.10;false;NA;NA;PACOTE 500,00 G;NA;/pregoes/doc/pregao/1101020000012014;300655
17848;2014-02-19T14:00:00;2014-02-07T09:00:00;2014-02-07T09:00:00;2014-02-07;Rua Rodrigo Silva Nº 26 - 18º Andar - Centro/RJ;Pregoeiro;11010205000012000;O Edital deverá ser baixado junto ao sítio www.comprasnet.gov.br .;5;JEFFERSON MIRANDA DA COSTA;12014;NA;592001131201314;Pregão Eletrônico Registro de Preços para a aquisição de gênero de alimentação CA FÉ, para atender às necessidades das Unidades C ircunscritas da Superintendência de Administraç ão no Rio de Janeiro SAD/RJ, conforme condiçõ es, quantidades e exigências estabelecidas no T ermo de referência.;Publicado;Eletrônico;Nacional;110102;CAFÉ;5112;7.43;CAFÉ, TIPO TORRADO, APRESENTAÇÃO MOÍDO, TIPO EMBALAGEM A VÁCUO, VALIDADE PRAZOMÍNIMO DE 1 ANO, CARACTERÍSTICAS ADICIONAIS SELO DE PUREZA DA ABIC;false;homologado;4.14;false;NA;NA;PACOTE 500,00 G;NA;/pregoes/doc/pregao/1101020000012014;300655
17849;2014-02-19T14:00:00;2014-02-07T09:00:00;2014-02-07T09:00:00;2014-02-07;Rua Rodrigo Silva Nº 26 - 18º Andar - Centro/RJ;Pregoeiro;11010205000012000;O Edital deverá ser baixado junto ao sítio www.comprasnet.gov.br .;5;JEFFERSON MIRANDA DA COSTA;12014;NA;592001131201314;Pregão Eletrônico Registro de Preços para a aquisição de gênero de alimentação CA FÉ, para atender às necessidades das Unidades C ircunscritas da Superintendência de Administraç ão no Rio de Janeiro SAD/RJ, conforme condiçõ es, quantidades e exigências estabelecidas no T ermo de referência.;Publicado;Eletrônico;Nacional;110102;CAFÉ;450;8.04;CAFÉ, TIPO TORRADO, APRESENTAÇÃO MOÍDO, TIPO EMBALAGEM A VÁCUO, VALIDADE PRAZOMÍNIMO DE 1 ANO, CARACTERÍSTICAS ADICIONAIS SELO DE PUREZA DA ABIC;false;homologado;4.31;false;NA;NA;PACOTE 500,00 G;NA;/pregoes/doc/pregao/1101020000012014;300655
17850;2014-02-19T14:00:00;2014-02-07T09:00:00;2014-02-07T09:00:00;2014-02-07;Rua Rodrigo Silva Nº 26 - 18º Andar - Centro/RJ;Pregoeiro;11010205000012000;O Edital deverá ser baixado junto ao sítio www.comprasnet.gov.br .;5;JEFFERSON MIRANDA DA COSTA;12014;NA;592001131201314;Pregão Eletrônico Registro de Preços para a aquisição de gênero de alimentação CA FÉ, para atender às necessidades das Unidades C ircunscritas da Superintendência de Administraç ão no Rio de Janeiro SAD/RJ, conforme condiçõ es, quantidades e exigências estabelecidas no T ermo de referência.;Publicado;Eletrônico;Nacional;110102;CAFÉ;450;7.43;CAFÉ, TIPO TORRADO, APRESENTAÇÃO MOÍDO, TIPO EMBALAGEM A VÁCUO, VALIDADE PRAZOMÍNIMO DE 1 ANO, CARACTERÍSTICAS ADICIONAIS SELO DE PUREZA DA ABIC;false;cancelado;NA;false;NA;NA;PACOTE 500,00 G;NA;/pregoes/doc/pregao/1101020000012014;300655
18058;2014-09-18T09:30:00;2014-09-08T08:00:00;2014-09-08T08:00:00;2014-09-08;Esplanada Dos Ministérios, Bloco  polegadaso polegadas, 9º Andar - Plano Piloto/DF;Ordenador de Despesa;11035505000012000;NA;5;GERMINIO ZANARDO JUNIOR;12014;NA;18000469201463;Pregão Eletrônico Registro de preços , com vistas a contratação de empresa para pres imento de materiais necessários. tação de serviços de realização de eventos e co rrelatos para a Secretaria de Assuntos Estratég icos da Presidência da República  SAE/PR, em t odo o território nacional, sob demanda, abrange ndo planejamento operacional, organização, exec ução, acompanhamento, fornecimento de alimentaç ão e bebida, infraestrutura, transportes, apoio logístico, ornamentação e a confecção e fornec;Publicado;Eletrônico;Nacional;110355;Decoração - Eventos / Solenidades;800;18.00;Café ou chá - fora de ambiente hoteleiro;false;homologado;2.00;false;NA;NA;unidade;NA;/pregoes/doc/pregao/1103550000012014;NA
18067;2014-09-18T09:30:00;2014-09-08T08:00:00;2014-09-08T08:00:00;2014-09-08;Esplanada Dos Ministérios, Bloco  polegadaso polegadas, 9º Andar - Plano Piloto/DF;Ordenador de Despesa;11035505000012000;NA;5;GERMINIO ZANARDO JUNIOR;12014;NA;18000469201463;Pregão Eletrônico Registro de preços , com vistas a contratação de empresa para pres imento de materiais necessários. tação de serviços de realização de eventos e co rrelatos para a Secretaria de Assuntos Estratég icos da Presidência da República  SAE/PR, em t odo o território nacional, sob demanda, abrange ndo planejamento operacional, organização, exec ução, acompanhamento, fornecimento de alimentaç ão e bebida, infraestrutura, transportes, apoio logístico, ornamentação e a confecção e fornec;Publicado;Eletrônico;Nacional;110355;Decoração - Eventos / Solenidades;800;28.00;Café ou chá - dentro de ambiente hoteleiro;false;homologado;10.00;false;NA;NA;unidade;NA;/pregoes/doc/pregao/1103550000012014;NA
18354;2014-01-23T09:30:00;2014-01-13T08:00:00;2014-01-13T08:00:00;2014-01-13;Scs Qd. 08, Ed. Super Center Venâncio 2000, Bl. B-50/60_1º Subsol - Asa Sul/DF;Pregoeira;11540605000012000;NA;5;NEIRE MARIS MARQUES;12014;NA;002449/2013;Pregão Eletrônico Contratação de emp resa especializada no fornecimento de Café em p ó homogêneo, torrado e moído e Açúcar Refinado para uso e consumo nas dependências da EBC, no Rio de Janeiro/RJ, durante o exercício de 2014.;Publicado;Eletrônico;Nacional;115406;CAFÉ;3600;50184.00;CAFÉ, NOME CAFE MOIDO - Café em pó homogêneo,  torrado e moído, embalado à  vácuo, fornecido em pacote de  500 (quinhentos) gramas.;false;homologado;28580.00;false;NA;NA;quilograma;NA;/pregoes/doc/pregao/1154060000012014;9725
21254;2014-02-14T10:00:00;2014-02-04T08:00:00;2014-02-04T08:00:00;2014-02-04;Av.dr. Carlos Firpo, Nº 428 - Bairro Industrial - /SE;Chefe do Setor de Compras e Contratos;13002805000012000;NA;5;JOSE RONALDO DA SILVA SANTOS;12014;NA;2105400032201460;Pregão Eletrônico Aquisição de gêner os alimentícios e copos descartáveis;Publicado;Eletrônico;Nacional;130028;CAFÉ;4550;3.72;CAFÉ, APRESENTAÇÃO TORRADO E MOÍDO, CARACTERÍSTICAS ADICIONAIS SELO PUREZA    ABIC,MÍNIMO 7,3 PONTOS NA ESCALA SENS O;false;homologado;2.25;false;NA;NA;PACOTE 250,00 G;NA;/pregoes/doc/pregao/1300280000012014;334243
21425;2014-07-10T10:00:00;2014-06-30T09:00:00;2014-06-30T09:00:00;2014-06-30;Rua Treze de Maio Nr.1558 7  Andar Sala 73 Bela Vista - Bela Vista/SP;Ordenador de Despesas;13006705000012000;NA;5;FRANCISCO SERGIO FERREIRA JARDIM;12014;NA;21052014218201300;Pregão Eletrônico Registro de preços para eventual aquisição de Genero Alimenticio, e de Material de Limpeza, para atender às nece ssidades do MINISTÉRIO DA AGRICULTURA, PECUÁRIA E ABASTECIMENTO  SUPERINTENDÊNCIA FEDERAL DE AGRICULTURA NO ESTADO DE SÃO PAULO, conforme es pecificações e quantidades estabelecidas na IRP .;Publicado;Eletrônico;Nacional;130067;CAFÉ;7700;5.81;CAFÉ, TIPO SUPERIOR/TORRADO E MOÍDO, APRESENTAÇÃO PÓ, TIPO EMBALAGEM A VÁCUO, VALIDADE MÍNIMA DE 10 MESES DA DATA DA ENTREGA, NORMAS TÉCNICAS LAUDO DE      CLASSIFICAÇÃO DA QUALIDADE DA BEBIDA, CARACTERÍSTICAS ADICIONAIS MÍNIMO 6,5   PONTOS ESCALA SENSORIAL COM LAUDO;false;homologado;4.47;false;NA;NA;PACOTE 500,00 G;NA;/pregoes/doc/pregao/1300670000012014;328906
21426;2014-07-10T10:00:00;2014-06-30T09:00:00;2014-06-30T09:00:00;2014-06-30;Rua Treze de Maio Nr.1558 7  Andar Sala 73 Bela Vista - Bela Vista/SP;Ordenador de Despesas;13006705000012000;NA;5;FRANCISCO SERGIO FERREIRA JARDIM;12014;NA;21052014218201300;Pregão Eletrônico Registro de preços para eventual aquisição de Genero Alimenticio, e de Material de Limpeza, para atender às nece ssidades do MINISTÉRIO DA AGRICULTURA, PECUÁRIA E ABASTECIMENTO  SUPERINTENDÊNCIA FEDERAL DE AGRICULTURA NO ESTADO DE SÃO PAULO, conforme es pecificações e quantidades estabelecidas na IRP .;Publicado;Eletrônico;Nacional;130067;CAFÉ;700;27.82;CAFÉ, APRESENTAÇÃO GRÃO SELECIONADO, CARACTERÍSTICAS ADICIONAIS EXPRESSO, PRÉ-TORRADO, PENEIRA 18, TIPO EXPORTAÇÃ O;false;cancelado na aceitação;13.97;false;NA;NA;PACOTE 1,00 KG;NA;/pregoes/doc/pregao/1300670000012014;341434
21538;2014-10-06T09:30:00;2014-09-19T08:00:00;2014-09-19T08:00:00;2014-09-19;Rua Alameda Annibal Molina S/n - Varzea Grande - Alameda/MT;Ordenadora de Despesas;13007805000012000;NA;5;MARINA DA CONCEICAO PADILHA E SILVA;12014;NA;21178000014201500;Pregão Eletrônico Material de gênero alimentício, copa e cozinha, expediente, proce ssamento de dados e elétrico.;Publicado;Eletrônico;Nacional;130078;CAFÉ;200;3.80;CAFÉ, tipo forte torrado exportação, apresentação moído, tipo embalagem a vácuo com 250g com validade mínima de 12 meses.;false;homologado;3.78;false;NA;NA;PACOTE 0000000250 G;NA;/pregoes/doc/pregao/1300780000012014;9725
21574;2014-03-31T09:00:00;2014-03-19T08:30:00;2014-03-19T08:30:00;2014-03-19;Praca Civica, Nr. 100 - Central/GO;Pregoeiro Oficial;13008005000012000;NA;5;VALDIR FERREIRA BISPO;12014;NA;21020000262201400;Pregão Eletrônico O objeto desta lic itção é a aquisição de água mineral, açúcar cri stal, café e cargas de gás GLP para uso domésti co, visando atender às necessidas da Superinten dência Federal de Agricultura, Pecuária e Abast ecimento em Goiás SFA/GO, conforme especifica ções e quantidades estabelecidas no Termo de Re ferência, no Edital e seus Anexos.;Publicado;Eletrônico;Nacional;130080;CAFÉ;900;6178.50;CAFÉ, NOME CAFE MOIDO,(450 quilos) extra forte, em pó, de primeira qualidade, tipo tijolinho embalado à vácuo em pacotes de 500grs, com validade mínima de 12 (doze) meses após o empacotamento, com selo da ABIC, rotulagem segundo os padrões da Resolução n¨ 259, de 20.09.2002 do M.S.;false;homologado;5233.29;false;NA;NA;Pacote de 500 grs.;5229.00;/pregoes/doc/pregao/1300800000012014;9725
21649;2014-06-20T09:00:00;2014-06-09T08:00:00;2014-06-09T08:00:00;2014-06-09;Rua Tiradentes, 469 - Centro - /AP;Pregoeiro;13010005000012000;NA;5;AECIO FLAVIO DE OLIVEIRA MOTA FILHO;12014;NA;2100800163/2014-4;Pregão Eletrônico Fornecimento de ma térias de consumo conforme especificação no qua dro demonstrativo previsto no termo de referenc ia anexo I do edital;Publicado;Eletrônico;Nacional;130100;CAFÉ;150;450.00;CAFÉ, APRESENTAÇÃO PÓ, TIPO EMBALAGEM A VÁCUO;false;cancelado na aceitação;560.00;false;NA;NA;PACOTE 250,00 G;NA;/pregoes/doc/pregao/1301000000012014;217372
22293;2014-02-05T09:00:00;2014-01-24T08:00:00;2014-01-24T08:00:00;2014-01-24;Rua Livramento, 515 Cx. Postal 130 - Bento Gonçalves/rs - Conceição/RS;Chefe Geral;13503305000012000;NA;5;LUCAS DA RESSURREICAO GARRIDO;12014;NA;21206000805/2013-;Pregão Eletrônico Aquisição de gêner os alimentícios para a Embrapa Uva e Vinho.;Publicado;Eletrônico;Nacional;135033;CAFÉ;1100;6.59;CAFÉ, TIPO FORTE TORRADO EXPORTAÇÃO, APRESENTAÇÃO MOÍDO, TIPO EMBALAGEM A     VÁCUO;false;homologado;5.81;false;NA;NA;PACOTE 500,00 G;NA;/pregoes/doc/pregao/1350330000012014;217370
22563;2014-03-28T13:30:00;2014-03-18T08:30:00;2014-03-18T08:30:00;2014-03-18;Estrada Dos Pioneiros, 3131 - Jardim Morumbi - /PR;Pregoeira;15014805000012000;NA;5;MARIA ELENI CURTI;12014;NA;3064000288201490;Pregão Eletrônico Aquisição de gêner os alimentícios para atender a UTFPR Câmpus L ondrina.;Publicado;Eletrônico;Nacional;150148;CAFÉ;1000;8.90;CAFÉ, torrado e moído. Embalagem a vácuo de 500 gramas, de primeira qualidade, com selo de pureza da Associação Brasileira da Indústria do Café - ABIC.;false;homologado;8.68;false;NA;NA;PACOTE 500 gramas;NA;/pregoes/doc/pregao/1501480000012014;NA
23226;2014-03-11T10:00:00;2014-02-21T08:00:00;2014-02-21T08:00:00;2014-02-21;Praca Andre de Albuquerque, 534 - Cidade Alta - /RN;Pregoeiro;7000805000012010;Registro de Preços.;5;ANSELMO PEREIRA SILVA;12014;NA;6894/13 (13556);Pregão Eletrônico Registro de Preço objetivando eventual Aquisição de Material de C onsumo para Uso Ordinário e Eleições (Gêneros A limentícios  Café).;Publicado;Eletrônico;Nacional;70008;CAFÉ;16000;3.15;CAFÉ, TIPO TORRADO, APRESENTAÇÃO MOÍDO, TIPO EMBALAGEM A VÁCUO;false;homologado;2.18;false;NA;NA;PACOTE 250,00 G;NA;/pregoes/doc/pregao/0700080000012014;217366
23420;2014-01-27T11:00:00;2014-01-14T08:00:00;2014-01-14T08:00:00;2014-01-14;Av. Getulio Vargas, 3999 - /RR;Pregoeira;9003905000012020;Será uma licitação por grup os.;5;NANCIS TEREZA DANIELI LIMA;12014;NA;262/2013;Pregão Eletrônico Registro de preços para aquisição de gêneros alimentícios e mater ial de copa e cozinha, conforme anexo I do Edit al 02/2014.;Publicado;Eletrônico;Nacional;90039;CAFÉ;1200;10.88;CAFÉ, TIPO TORRADO, APRESENTAÇÃO MOÍDO, TIPO EMBALAGEM A VÁCUO,               CARACTERÍSTICAS ADICIONAIS EXTRA FORTE;false;adjudicado;4.80;false;NA;NA;PACOTE 500,00 G;NA;/pregoes/doc/pregao/0900390000012014;NA
23490;2014-02-27T10:00:00;2014-02-17T09:00:00;2014-02-17T09:00:00;2014-02-17;Anexo Ii-b Palacio do Planalto Sala 114 Térreo - /DF;Pregoeira;11010105000012000;O presente Edital poderá se r retirado pelo site www.comprasnet.gov.br ou s er solicitado pelo e-mail: vpr.licitacao@presid encia.gov.br;5;HELEN GONCALVES DIAS;12014;NA;300000027201421;Pregão Eletrônico A presente licitaç ão tem por objeto a aquisição de suprimentos pa ra abastecimento da Copa da Vice-Presidência da República;Publicado;Eletrônico;Nacional;110101;CAFÉ;264;2310.00;CAFÉ, TIPO TORRADO, APRESENTAÇÃO MOÍDO, TIPO EMBALAGEM ALTO VÁCUO;false;cancelado na aceitação;3168.00;false;NA;NA;PACOTE 1,00 KG;NA;/pregoes/doc/pregao/1101010000012014;232173
23503;2014-02-19T14:00:00;2014-02-07T09:00:00;2014-02-07T09:00:00;2014-02-07;Rua Rodrigo Silva Nº 26 - 18º Andar - Centro/RJ;Pregoeiro;11010205000012000;O Edital deverá ser baixado junto ao sítio www.comprasnet.gov.br .;5;JEFFERSON MIRANDA DA COSTA;12014;NA;592001131201314;Pregão Eletrônico Registro de Preços para a aquisição de gênero de alimentação CA FÉ, para atender às necessidades das Unidades C ircunscritas da Superintendência de Administraç ão no Rio de Janeiro SAD/RJ, conforme condiçõ es, quantidades e exigências estabelecidas no T ermo de referência.;Publicado;Eletrônico;Nacional;110102;CAFÉ;7324;8.04;CAFÉ, TIPO TORRADO, APRESENTAÇÃO MOÍDO, TIPO EMBALAGEM A VÁCUO, VALIDADE PRAZOMÍNIMO DE 1 ANO, CARACTERÍSTICAS ADICIONAIS SELO DE PUREZA DA ABIC;false;homologado;4.10;false;NA;NA;PACOTE 500,00 G;NA;/pregoes/doc/pregao/1101020000012014;300655
23504;2014-02-19T14:00:00;2014-02-07T09:00:00;2014-02-07T09:00:00;2014-02-07;Rua Rodrigo Silva Nº 26 - 18º Andar - Centro/RJ;Pregoeiro;11010205000012000;O Edital deverá ser baixado junto ao sítio www.comprasnet.gov.br .;5;JEFFERSON MIRANDA DA COSTA;12014;NA;592001131201314;Pregão Eletrônico Registro de Preços para a aquisição de gênero de alimentação CA FÉ, para atender às necessidades das Unidades C ircunscritas da Superintendência de Administraç ão no Rio de Janeiro SAD/RJ, conforme condiçõ es, quantidades e exigências estabelecidas no T ermo de referência.;Publicado;Eletrônico;Nacional;110102;CAFÉ;5112;7.43;CAFÉ, TIPO TORRADO, APRESENTAÇÃO MOÍDO, TIPO EMBALAGEM A VÁCUO, VALIDADE PRAZOMÍNIMO DE 1 ANO, CARACTERÍSTICAS ADICIONAIS SELO DE PUREZA DA ABIC;false;homologado;4.14;false;NA;NA;PACOTE 500,00 G;NA;/pregoes/doc/pregao/1101020000012014;300655
23505;2014-02-19T14:00:00;2014-02-07T09:00:00;2014-02-07T09:00:00;2014-02-07;Rua Rodrigo Silva Nº 26 - 18º Andar - Centro/RJ;Pregoeiro;11010205000012000;O Edital deverá ser baixado junto ao sítio www.comprasnet.gov.br .;5;JEFFERSON MIRANDA DA COSTA;12014;NA;592001131201314;Pregão Eletrônico Registro de Preços para a aquisição de gênero de alimentação CA FÉ, para atender às necessidades das Unidades C ircunscritas da Superintendência de Administraç ão no Rio de Janeiro SAD/RJ, conforme condiçõ es, quantidades e exigências estabelecidas no T ermo de referência.;Publicado;Eletrônico;Nacional;110102;CAFÉ;450;8.04;CAFÉ, TIPO TORRADO, APRESENTAÇÃO MOÍDO, TIPO EMBALAGEM A VÁCUO, VALIDADE PRAZOMÍNIMO DE 1 ANO, CARACTERÍSTICAS ADICIONAIS SELO DE PUREZA DA ABIC;false;homologado;4.31;false;NA;NA;PACOTE 500,00 G;NA;/pregoes/doc/pregao/1101020000012014;300655
23506;2014-02-19T14:00:00;2014-02-07T09:00:00;2014-02-07T09:00:00;2014-02-07;Rua Rodrigo Silva Nº 26 - 18º Andar - Centro/RJ;Pregoeiro;11010205000012000;O Edital deverá ser baixado junto ao sítio www.comprasnet.gov.br .;5;JEFFERSON MIRANDA DA COSTA;12014;NA;592001131201314;Pregão Eletrônico Registro de Preços para a aquisição de gênero de alimentação CA FÉ, para atender às necessidades das Unidades C ircunscritas da Superintendência de Administraç ão no Rio de Janeiro SAD/RJ, conforme condiçõ es, quantidades e exigências estabelecidas no T ermo de referência.;Publicado;Eletrônico;Nacional;110102;CAFÉ;450;7.43;CAFÉ, TIPO TORRADO, APRESENTAÇÃO MOÍDO, TIPO EMBALAGEM A VÁCUO, VALIDADE PRAZOMÍNIMO DE 1 ANO, CARACTERÍSTICAS ADICIONAIS SELO DE PUREZA DA ABIC;false;cancelado;NA;false;NA;NA;PACOTE 500,00 G;NA;/pregoes/doc/pregao/1101020000012014;300655
23714;2014-09-18T09:30:00;2014-09-08T08:00:00;2014-09-08T08:00:00;2014-09-08;Esplanada Dos Ministérios, Bloco  polegadaso polegadas, 9º Andar - Plano Piloto/DF;Ordenador de Despesa;11035505000012000;NA;5;GERMINIO ZANARDO JUNIOR;12014;NA;18000469201463;Pregão Eletrônico Registro de preços , com vistas a contratação de empresa para pres imento de materiais necessários. tação de serviços de realização de eventos e co rrelatos para a Secretaria de Assuntos Estratég icos da Presidência da República  SAE/PR, em t odo o território nacional, sob demanda, abrange ndo planejamento operacional, organização, exec ução, acompanhamento, fornecimento de alimentaç ão e bebida, infraestrutura, transportes, apoio logístico, ornamentação e a confecção e fornec;Publicado;Eletrônico;Nacional;110355;Decoração - Eventos / Solenidades;800;18.00;Café ou chá - fora de ambiente hoteleiro;false;homologado;2.00;false;NA;NA;unidade;NA;/pregoes/doc/pregao/1103550000012014;NA
23723;2014-09-18T09:30:00;2014-09-08T08:00:00;2014-09-08T08:00:00;2014-09-08;Esplanada Dos Ministérios, Bloco  polegadaso polegadas, 9º Andar - Plano Piloto/DF;Ordenador de Despesa;11035505000012000;NA;5;GERMINIO ZANARDO JUNIOR;12014;NA;18000469201463;Pregão Eletrônico Registro de preços , com vistas a contratação de empresa para pres imento de materiais necessários. tação de serviços de realização de eventos e co rrelatos para a Secretaria de Assuntos Estratég icos da Presidência da República  SAE/PR, em t odo o território nacional, sob demanda, abrange ndo planejamento operacional, organização, exec ução, acompanhamento, fornecimento de alimentaç ão e bebida, infraestrutura, transportes, apoio logístico, ornamentação e a confecção e fornec;Publicado;Eletrônico;Nacional;110355;Decoração - Eventos / Solenidades;800;28.00;Café ou chá - dentro de ambiente hoteleiro;false;homologado;10.00;false;NA;NA;unidade;NA;/pregoes/doc/pregao/1103550000012014;NA
24010;2014-01-23T09:30:00;2014-01-13T08:00:00;2014-01-13T08:00:00;2014-01-13;Scs Qd. 08, Ed. Super Center Venâncio 2000, Bl. B-50/60_1º Subsol - Asa Sul/DF;Pregoeira;11540605000012000;NA;5;NEIRE MARIS MARQUES;12014;NA;002449/2013;Pregão Eletrônico Contratação de emp resa especializada no fornecimento de Café em p ó homogêneo, torrado e moído e Açúcar Refinado para uso e consumo nas dependências da EBC, no Rio de Janeiro/RJ, durante o exercício de 2014.;Publicado;Eletrônico;Nacional;115406;CAFÉ;3600;50184.00;CAFÉ, NOME CAFE MOIDO - Café em pó homogêneo,  torrado e moído, embalado à  vácuo, fornecido em pacote de  500 (quinhentos) gramas.;false;homologado;28580.00;false;NA;NA;quilograma;NA;/pregoes/doc/pregao/1154060000012014;9725
26910;2014-02-14T10:00:00;2014-02-04T08:00:00;2014-02-04T08:00:00;2014-02-04;Av.dr. Carlos Firpo, Nº 428 - Bairro Industrial - /SE;Chefe do Setor de Compras e Contratos;13002805000012000;NA;5;JOSE RONALDO DA SILVA SANTOS;12014;NA;2105400032201460;Pregão Eletrônico Aquisição de gêner os alimentícios e copos descartáveis;Publicado;Eletrônico;Nacional;130028;CAFÉ;4550;3.72;CAFÉ, APRESENTAÇÃO TORRADO E MOÍDO, CARACTERÍSTICAS ADICIONAIS SELO PUREZA    ABIC,MÍNIMO 7,3 PONTOS NA ESCALA SENS O;false;homologado;2.25;false;NA;NA;PACOTE 250,00 G;NA;/pregoes/doc/pregao/1300280000012014;334243
27081;2014-07-10T10:00:00;2014-06-30T09:00:00;2014-06-30T09:00:00;2014-06-30;Rua Treze de Maio Nr.1558 7  Andar Sala 73 Bela Vista - Bela Vista/SP;Ordenador de Despesas;13006705000012000;NA;5;FRANCISCO SERGIO FERREIRA JARDIM;12014;NA;21052014218201300;Pregão Eletrônico Registro de preços para eventual aquisição de Genero Alimenticio, e de Material de Limpeza, para atender às nece ssidades do MINISTÉRIO DA AGRICULTURA, PECUÁRIA E ABASTECIMENTO  SUPERINTENDÊNCIA FEDERAL DE AGRICULTURA NO ESTADO DE SÃO PAULO, conforme es pecificações e quantidades estabelecidas na IRP .;Publicado;Eletrônico;Nacional;130067;CAFÉ;7700;5.81;CAFÉ, TIPO SUPERIOR/TORRADO E MOÍDO, APRESENTAÇÃO PÓ, TIPO EMBALAGEM A VÁCUO, VALIDADE MÍNIMA DE 10 MESES DA DATA DA ENTREGA, NORMAS TÉCNICAS LAUDO DE      CLASSIFICAÇÃO DA QUALIDADE DA BEBIDA, CARACTERÍSTICAS ADICIONAIS MÍNIMO 6,5   PONTOS ESCALA SENSORIAL COM LAUDO;false;homologado;4.47;false;NA;NA;PACOTE 500,00 G;NA;/pregoes/doc/pregao/1300670000012014;328906
27082;2014-07-10T10:00:00;2014-06-30T09:00:00;2014-06-30T09:00:00;2014-06-30;Rua Treze de Maio Nr.1558 7  Andar Sala 73 Bela Vista - Bela Vista/SP;Ordenador de Despesas;13006705000012000;NA;5;FRANCISCO SERGIO FERREIRA JARDIM;12014;NA;21052014218201300;Pregão Eletrônico Registro de preços para eventual aquisição de Genero Alimenticio, e de Material de Limpeza, para atender às nece ssidades do MINISTÉRIO DA AGRICULTURA, PECUÁRIA E ABASTECIMENTO  SUPERINTENDÊNCIA FEDERAL DE AGRICULTURA NO ESTADO DE SÃO PAULO, conforme es pecificações e quantidades estabelecidas na IRP .;Publicado;Eletrônico;Nacional;130067;CAFÉ;700;27.82;CAFÉ, APRESENTAÇÃO GRÃO SELECIONADO, CARACTERÍSTICAS ADICIONAIS EXPRESSO, PRÉ-TORRADO, PENEIRA 18, TIPO EXPORTAÇÃ O;false;cancelado na aceitação;13.97;false;NA;NA;PACOTE 1,00 KG;NA;/pregoes/doc/pregao/1300670000012014;341434
27194;2014-10-06T09:30:00;2014-09-19T08:00:00;2014-09-19T08:00:00;2014-09-19;Rua Alameda Annibal Molina S/n - Varzea Grande - Alameda/MT;Ordenadora de Despesas;13007805000012000;NA;5;MARINA DA CONCEICAO PADILHA E SILVA;12014;NA;21178000014201500;Pregão Eletrônico Material de gênero alimentício, copa e cozinha, expediente, proce ssamento de dados e elétrico.;Publicado;Eletrônico;Nacional;130078;CAFÉ;200;3.80;CAFÉ, tipo forte torrado exportação, apresentação moído, tipo embalagem a vácuo com 250g com validade mínima de 12 meses.;false;homologado;3.78;false;NA;NA;PACOTE 0000000250 G;NA;/pregoes/doc/pregao/1300780000012014;9725
27230;2014-03-31T09:00:00;2014-03-19T08:30:00;2014-03-19T08:30:00;2014-03-19;Praca Civica, Nr. 100 - Central/GO;Pregoeiro Oficial;13008005000012000;NA;5;VALDIR FERREIRA BISPO;12014;NA;21020000262201400;Pregão Eletrônico O objeto desta lic itção é a aquisição de água mineral, açúcar cri stal, café e cargas de gás GLP para uso domésti co, visando atender às necessidas da Superinten dência Federal de Agricultura, Pecuária e Abast ecimento em Goiás SFA/GO, conforme especifica ções e quantidades estabelecidas no Termo de Re ferência, no Edital e seus Anexos.;Publicado;Eletrônico;Nacional;130080;CAFÉ;900;6178.50;CAFÉ, NOME CAFE MOIDO,(450 quilos) extra forte, em pó, de primeira qualidade, tipo tijolinho embalado à vácuo em pacotes de 500grs, com validade mínima de 12 (doze) meses após o empacotamento, com selo da ABIC, rotulagem segundo os padrões da Resolução n¨ 259, de 20.09.2002 do M.S.;false;homologado;5233.29;false;NA;NA;Pacote de 500 grs.;5229.00;/pregoes/doc/pregao/1300800000012014;9725
27305;2014-06-20T09:00:00;2014-06-09T08:00:00;2014-06-09T08:00:00;2014-06-09;Rua Tiradentes, 469 - Centro - /AP;Pregoeiro;13010005000012000;NA;5;AECIO FLAVIO DE OLIVEIRA MOTA FILHO;12014;NA;2100800163/2014-4;Pregão Eletrônico Fornecimento de ma térias de consumo conforme especificação no qua dro demonstrativo previsto no termo de referenc ia anexo I do edital;Publicado;Eletrônico;Nacional;130100;CAFÉ;150;450.00;CAFÉ, APRESENTAÇÃO PÓ, TIPO EMBALAGEM A VÁCUO;false;cancelado na aceitação;560.00;false;NA;NA;PACOTE 250,00 G;NA;/pregoes/doc/pregao/1301000000012014;217372
27949;2014-02-05T09:00:00;2014-01-24T08:00:00;2014-01-24T08:00:00;2014-01-24;Rua Livramento, 515 Cx. Postal 130 - Bento Gonçalves/rs - Conceição/RS;Chefe Geral;13503305000012000;NA;5;LUCAS DA RESSURREICAO GARRIDO;12014;NA;21206000805/2013-;Pregão Eletrônico Aquisição de gêner os alimentícios para a Embrapa Uva e Vinho.;Publicado;Eletrônico;Nacional;135033;CAFÉ;1100;6.59;CAFÉ, TIPO FORTE TORRADO EXPORTAÇÃO, APRESENTAÇÃO MOÍDO, TIPO EMBALAGEM A     VÁCUO;false;homologado;5.81;false;NA;NA;PACOTE 500,00 G;NA;/pregoes/doc/pregao/1350330000012014;217370
28219;2014-03-28T13:30:00;2014-03-18T08:30:00;2014-03-18T08:30:00;2014-03-18;Estrada Dos Pioneiros, 3131 - Jardim Morumbi - /PR;Pregoeira;15014805000012000;NA;5;MARIA ELENI CURTI;12014;NA;3064000288201490;Pregão Eletrônico Aquisição de gêner os alimentícios para atender a UTFPR Câmpus L ondrina.;Publicado;Eletrônico;Nacional;150148;CAFÉ;1000;8.90;CAFÉ, torrado e moído. Embalagem a vácuo de 500 gramas, de primeira qualidade, com selo de pureza da Associação Brasileira da Indústria do Café - ABIC.;false;homologado;8.68;false;NA;NA;PACOTE 500 gramas;NA;/pregoes/doc/pregao/1501480000012014;NA
28882;2014-03-11T10:00:00;2014-02-21T08:00:00;2014-02-21T08:00:00;2014-02-21;Praca Andre de Albuquerque, 534 - Cidade Alta - /RN;Pregoeiro;7000805000012010;Registro de Preços.;5;ANSELMO PEREIRA SILVA;12014;NA;6894/13 (13556);Pregão Eletrônico Registro de Preço objetivando eventual Aquisição de Material de C onsumo para Uso Ordinário e Eleições (Gêneros A limentícios  Café).;Publicado;Eletrônico;Nacional;70008;CAFÉ;16000;3.15;CAFÉ, TIPO TORRADO, APRESENTAÇÃO MOÍDO, TIPO EMBALAGEM A VÁCUO;false;homologado;2.18;false;NA;NA;PACOTE 250,00 G;NA;/pregoes/doc/pregao/0700080000012014;217366
29076;2014-01-27T11:00:00;2014-01-14T08:00:00;2014-01-14T08:00:00;2014-01-14;Av. Getulio Vargas, 3999 - /RR;Pregoeira;9003905000012020;Será uma licitação por grup os.;5;NANCIS TEREZA DANIELI LIMA;12014;NA;262/2013;Pregão Eletrônico Registro de preços para aquisição de gêneros alimentícios e mater ial de copa e cozinha, conforme anexo I do Edit al 02/2014.;Publicado;Eletrônico;Nacional;90039;CAFÉ;1200;10.88;CAFÉ, TIPO TORRADO, APRESENTAÇÃO MOÍDO, TIPO EMBALAGEM A VÁCUO,               CARACTERÍSTICAS ADICIONAIS EXTRA FORTE;false;adjudicado;4.80;false;NA;NA;PACOTE 500,00 G;NA;/pregoes/doc/pregao/0900390000012014;NA
29146;2014-02-27T10:00:00;2014-02-17T09:00:00;2014-02-17T09:00:00;2014-02-17;Anexo Ii-b Palacio do Planalto Sala 114 Térreo - /DF;Pregoeira;11010105000012000;O presente Edital poderá se r retirado pelo site www.comprasnet.gov.br ou s er solicitado pelo e-mail: vpr.licitacao@presid encia.gov.br;5;HELEN GONCALVES DIAS;12014;NA;300000027201421;Pregão Eletrônico A presente licitaç ão tem por objeto a aquisição de suprimentos pa ra abastecimento da Copa da Vice-Presidência da República;Publicado;Eletrônico;Nacional;110101;CAFÉ;264;2310.00;CAFÉ, TIPO TORRADO, APRESENTAÇÃO MOÍDO, TIPO EMBALAGEM ALTO VÁCUO;false;cancelado na aceitação;3168.00;false;NA;NA;PACOTE 1,00 KG;NA;/pregoes/doc/pregao/1101010000012014;232173
29159;2014-02-19T14:00:00;2014-02-07T09:00:00;2014-02-07T09:00:00;2014-02-07;Rua Rodrigo Silva Nº 26 - 18º Andar - Centro/RJ;Pregoeiro;11010205000012000;O Edital deverá ser baixado junto ao sítio www.comprasnet.gov.br .;5;JEFFERSON MIRANDA DA COSTA;12014;NA;592001131201314;Pregão Eletrônico Registro de Preços para a aquisição de gênero de alimentação CA FÉ, para atender às necessidades das Unidades C ircunscritas da Superintendência de Administraç ão no Rio de Janeiro SAD/RJ, conforme condiçõ es, quantidades e exigências estabelecidas no T ermo de referência.;Publicado;Eletrônico;Nacional;110102;CAFÉ;7324;8.04;CAFÉ, TIPO TORRADO, APRESENTAÇÃO MOÍDO, TIPO EMBALAGEM A VÁCUO, VALIDADE PRAZOMÍNIMO DE 1 ANO, CARACTERÍSTICAS ADICIONAIS SELO DE PUREZA DA ABIC;false;homologado;4.10;false;NA;NA;PACOTE 500,00 G;NA;/pregoes/doc/pregao/1101020000012014;300655
29160;2014-02-19T14:00:00;2014-02-07T09:00:00;2014-02-07T09:00:00;2014-02-07;Rua Rodrigo Silva Nº 26 - 18º Andar - Centro/RJ;Pregoeiro;11010205000012000;O Edital deverá ser baixado junto ao sítio www.comprasnet.gov.br .;5;JEFFERSON MIRANDA DA COSTA;12014;NA;592001131201314;Pregão Eletrônico Registro de Preços para a aquisição de gênero de alimentação CA FÉ, para atender às necessidades das Unidades C ircunscritas da Superintendência de Administraç ão no Rio de Janeiro SAD/RJ, conforme condiçõ es, quantidades e exigências estabelecidas no T ermo de referência.;Publicado;Eletrônico;Nacional;110102;CAFÉ;5112;7.43;CAFÉ, TIPO TORRADO, APRESENTAÇÃO MOÍDO, TIPO EMBALAGEM A VÁCUO, VALIDADE PRAZOMÍNIMO DE 1 ANO, CARACTERÍSTICAS ADICIONAIS SELO DE PUREZA DA ABIC;false;homologado;4.14;false;NA;NA;PACOTE 500,00 G;NA;/pregoes/doc/pregao/1101020000012014;300655
29161;2014-02-19T14:00:00;2014-02-07T09:00:00;2014-02-07T09:00:00;2014-02-07;Rua Rodrigo Silva Nº 26 - 18º Andar - Centro/RJ;Pregoeiro;11010205000012000;O Edital deverá ser baixado junto ao sítio www.comprasnet.gov.br .;5;JEFFERSON MIRANDA DA COSTA;12014;NA;592001131201314;Pregão Eletrônico Registro de Preços para a aquisição de gênero de alimentação CA FÉ, para atender às necessidades das Unidades C ircunscritas da Superintendência de Administraç ão no Rio de Janeiro SAD/RJ, conforme condiçõ es, quantidades e exigências estabelecidas no T ermo de referência.;Publicado;Eletrônico;Nacional;110102;CAFÉ;450;8.04;CAFÉ, TIPO TORRADO, APRESENTAÇÃO MOÍDO, TIPO EMBALAGEM A VÁCUO, VALIDADE PRAZOMÍNIMO DE 1 ANO, CARACTERÍSTICAS ADICIONAIS SELO DE PUREZA DA ABIC;false;homologado;4.31;false;NA;NA;PACOTE 500,00 G;NA;/pregoes/doc/pregao/1101020000012014;300655
29162;2014-02-19T14:00:00;2014-02-07T09:00:00;2014-02-07T09:00:00;2014-02-07;Rua Rodrigo Silva Nº 26 - 18º Andar - Centro/RJ;Pregoeiro;11010205000012000;O Edital deverá ser baixado junto ao sítio www.comprasnet.gov.br .;5;JEFFERSON MIRANDA DA COSTA;12014;NA;592001131201314;Pregão Eletrônico Registro de Preços para a aquisição de gênero de alimentação CA FÉ, para atender às necessidades das Unidades C ircunscritas da Superintendência de Administraç ão no Rio de Janeiro SAD/RJ, conforme condiçõ es, quantidades e exigências estabelecidas no T ermo de referência.;Publicado;Eletrônico;Nacional;110102;CAFÉ;450;7.43;CAFÉ, TIPO TORRADO, APRESENTAÇÃO MOÍDO, TIPO EMBALAGEM A VÁCUO, VALIDADE PRAZOMÍNIMO DE 1 ANO, CARACTERÍSTICAS ADICIONAIS SELO DE PUREZA DA ABIC;false;cancelado;NA;false;NA;NA;PACOTE 500,00 G;NA;/pregoes/doc/pregao/1101020000012014;300655
29370;2014-09-18T09:30:00;2014-09-08T08:00:00;2014-09-08T08:00:00;2014-09-08;Esplanada Dos Ministérios, Bloco  polegadaso polegadas, 9º Andar - Plano Piloto/DF;Ordenador de Despesa;11035505000012000;NA;5;GERMINIO ZANARDO JUNIOR;12014;NA;18000469201463;Pregão Eletrônico Registro de preços , com vistas a contratação de empresa para pres imento de materiais necessários. tação de serviços de realização de eventos e co rrelatos para a Secretaria de Assuntos Estratég icos da Presidência da República  SAE/PR, em t odo o território nacional, sob demanda, abrange ndo planejamento operacional, organização, exec ução, acompanhamento, fornecimento de alimentaç ão e bebida, infraestrutura, transportes, apoio logístico, ornamentação e a confecção e fornec;Publicado;Eletrônico;Nacional;110355;Decoração - Eventos / Solenidades;800;18.00;Café ou chá - fora de ambiente hoteleiro;false;homologado;2.00;false;NA;NA;unidade;NA;/pregoes/doc/pregao/1103550000012014;NA
29379;2014-09-18T09:30:00;2014-09-08T08:00:00;2014-09-08T08:00:00;2014-09-08;Esplanada Dos Ministérios, Bloco  polegadaso polegadas, 9º Andar - Plano Piloto/DF;Ordenador de Despesa;11035505000012000;NA;5;GERMINIO ZANARDO JUNIOR;12014;NA;18000469201463;Pregão Eletrônico Registro de preços , com vistas a contratação de empresa para pres imento de materiais necessários. tação de serviços de realização de eventos e co rrelatos para a Secretaria de Assuntos Estratég icos da Presidência da República  SAE/PR, em t odo o território nacional, sob demanda, abrange ndo planejamento operacional, organização, exec ução, acompanhamento, fornecimento de alimentaç ão e bebida, infraestrutura, transportes, apoio logístico, ornamentação e a confecção e fornec;Publicado;Eletrônico;Nacional;110355;Decoração - Eventos / Solenidades;800;28.00;Café ou chá - dentro de ambiente hoteleiro;false;homologado;10.00;false;NA;NA;unidade;NA;/pregoes/doc/pregao/1103550000012014;NA
29666;2014-01-23T09:30:00;2014-01-13T08:00:00;2014-01-13T08:00:00;2014-01-13;Scs Qd. 08, Ed. Super Center Venâncio 2000, Bl. B-50/60_1º Subsol - Asa Sul/DF;Pregoeira;11540605000012000;NA;5;NEIRE MARIS MARQUES;12014;NA;002449/2013;Pregão Eletrônico Contratação de emp resa especializada no fornecimento de Café em p ó homogêneo, torrado e moído e Açúcar Refinado para uso e consumo nas dependências da EBC, no Rio de Janeiro/RJ, durante o exercício de 2014.;Publicado;Eletrônico;Nacional;115406;CAFÉ;3600;50184.00;CAFÉ, NOME CAFE MOIDO - Café em pó homogêneo,  torrado e moído, embalado à  vácuo, fornecido em pacote de  500 (quinhentos) gramas.;false;homologado;28580.00;false;NA;NA;quilograma;NA;/pregoes/doc/pregao/1154060000012014;9725
32566;2014-02-14T10:00:00;2014-02-04T08:00:00;2014-02-04T08:00:00;2014-02-04;Av.dr. Carlos Firpo, Nº 428 - Bairro Industrial - /SE;Chefe do Setor de Compras e Contratos;13002805000012000;NA;5;JOSE RONALDO DA SILVA SANTOS;12014;NA;2105400032201460;Pregão Eletrônico Aquisição de gêner os alimentícios e copos descartáveis;Publicado;Eletrônico;Nacional;130028;CAFÉ;4550;3.72;CAFÉ, APRESENTAÇÃO TORRADO E MOÍDO, CARACTERÍSTICAS ADICIONAIS SELO PUREZA    ABIC,MÍNIMO 7,3 PONTOS NA ESCALA SENS O;false;homologado;2.25;false;NA;NA;PACOTE 250,00 G;NA;/pregoes/doc/pregao/1300280000012014;334243
32737;2014-07-10T10:00:00;2014-06-30T09:00:00;2014-06-30T09:00:00;2014-06-30;Rua Treze de Maio Nr.1558 7  Andar Sala 73 Bela Vista - Bela Vista/SP;Ordenador de Despesas;13006705000012000;NA;5;FRANCISCO SERGIO FERREIRA JARDIM;12014;NA;21052014218201300;Pregão Eletrônico Registro de preços para eventual aquisição de Genero Alimenticio, e de Material de Limpeza, para atender às nece ssidades do MINISTÉRIO DA AGRICULTURA, PECUÁRIA E ABASTECIMENTO  SUPERINTENDÊNCIA FEDERAL DE AGRICULTURA NO ESTADO DE SÃO PAULO, conforme es pecificações e quantidades estabelecidas na IRP .;Publicado;Eletrônico;Nacional;130067;CAFÉ;7700;5.81;CAFÉ, TIPO SUPERIOR/TORRADO E MOÍDO, APRESENTAÇÃO PÓ, TIPO EMBALAGEM A VÁCUO, VALIDADE MÍNIMA DE 10 MESES DA DATA DA ENTREGA, NORMAS TÉCNICAS LAUDO DE      CLASSIFICAÇÃO DA QUALIDADE DA BEBIDA, CARACTERÍSTICAS ADICIONAIS MÍNIMO 6,5   PONTOS ESCALA SENSORIAL COM LAUDO;false;homologado;4.47;false;NA;NA;PACOTE 500,00 G;NA;/pregoes/doc/pregao/1300670000012014;328906
32738;2014-07-10T10:00:00;2014-06-30T09:00:00;2014-06-30T09:00:00;2014-06-30;Rua Treze de Maio Nr.1558 7  Andar Sala 73 Bela Vista - Bela Vista/SP;Ordenador de Despesas;13006705000012000;NA;5;FRANCISCO SERGIO FERREIRA JARDIM;12014;NA;21052014218201300;Pregão Eletrônico Registro de preços para eventual aquisição de Genero Alimenticio, e de Material de Limpeza, para atender às nece ssidades do MINISTÉRIO DA AGRICULTURA, PECUÁRIA E ABASTECIMENTO  SUPERINTENDÊNCIA FEDERAL DE AGRICULTURA NO ESTADO DE SÃO PAULO, conforme es pecificações e quantidades estabelecidas na IRP .;Publicado;Eletrônico;Nacional;130067;CAFÉ;700;27.82;CAFÉ, APRESENTAÇÃO GRÃO SELECIONADO, CARACTERÍSTICAS ADICIONAIS EXPRESSO, PRÉ-TORRADO, PENEIRA 18, TIPO EXPORTAÇÃ O;false;cancelado na aceitação;13.97;false;NA;NA;PACOTE 1,00 KG;NA;/pregoes/doc/pregao/1300670000012014;341434
32850;2014-10-06T09:30:00;2014-09-19T08:00:00;2014-09-19T08:00:00;2014-09-19;Rua Alameda Annibal Molina S/n - Varzea Grande - Alameda/MT;Ordenadora de Despesas;13007805000012000;NA;5;MARINA DA CONCEICAO PADILHA E SILVA;12014;NA;21178000014201500;Pregão Eletrônico Material de gênero alimentício, copa e cozinha, expediente, proce ssamento de dados e elétrico.;Publicado;Eletrônico;Nacional;130078;CAFÉ;200;3.80;CAFÉ, tipo forte torrado exportação, apresentação moído, tipo embalagem a vácuo com 250g com validade mínima de 12 meses.;false;homologado;3.78;false;NA;NA;PACOTE 0000000250 G;NA;/pregoes/doc/pregao/1300780000012014;9725
32886;2014-03-31T09:00:00;2014-03-19T08:30:00;2014-03-19T08:30:00;2014-03-19;Praca Civica, Nr. 100 - Central/GO;Pregoeiro Oficial;13008005000012000;NA;5;VALDIR FERREIRA BISPO;12014;NA;21020000262201400;Pregão Eletrônico O objeto desta lic itção é a aquisição de água mineral, açúcar cri stal, café e cargas de gás GLP para uso domésti co, visando atender às necessidas da Superinten dência Federal de Agricultura, Pecuária e Abast ecimento em Goiás SFA/GO, conforme especifica ções e quantidades estabelecidas no Termo de Re ferência, no Edital e seus Anexos.;Publicado;Eletrônico;Nacional;130080;CAFÉ;900;6178.50;CAFÉ, NOME CAFE MOIDO,(450 quilos) extra forte, em pó, de primeira qualidade, tipo tijolinho embalado à vácuo em pacotes de 500grs, com validade mínima de 12 (doze) meses após o empacotamento, com selo da ABIC, rotulagem segundo os padrões da Resolução n¨ 259, de 20.09.2002 do M.S.;false;homologado;5233.29;false;NA;NA;Pacote de 500 grs.;5229.00;/pregoes/doc/pregao/1300800000012014;9725
32961;2014-06-20T09:00:00;2014-06-09T08:00:00;2014-06-09T08:00:00;2014-06-09;Rua Tiradentes, 469 - Centro - /AP;Pregoeiro;13010005000012000;NA;5;AECIO FLAVIO DE OLIVEIRA MOTA FILHO;12014;NA;2100800163/2014-4;Pregão Eletrônico Fornecimento de ma térias de consumo conforme especificação no qua dro demonstrativo previsto no termo de referenc ia anexo I do edital;Publicado;Eletrônico;Nacional;130100;CAFÉ;150;450.00;CAFÉ, APRESENTAÇÃO PÓ, TIPO EMBALAGEM A VÁCUO;false;cancelado na aceitação;560.00;false;NA;NA;PACOTE 250,00 G;NA;/pregoes/doc/pregao/1301000000012014;217372
33605;2014-02-05T09:00:00;2014-01-24T08:00:00;2014-01-24T08:00:00;2014-01-24;Rua Livramento, 515 Cx. Postal 130 - Bento Gonçalves/rs - Conceição/RS;Chefe Geral;13503305000012000;NA;5;LUCAS DA RESSURREICAO GARRIDO;12014;NA;21206000805/2013-;Pregão Eletrônico Aquisição de gêner os alimentícios para a Embrapa Uva e Vinho.;Publicado;Eletrônico;Nacional;135033;CAFÉ;1100;6.59;CAFÉ, TIPO FORTE TORRADO EXPORTAÇÃO, APRESENTAÇÃO MOÍDO, TIPO EMBALAGEM A     VÁCUO;false;homologado;5.81;false;NA;NA;PACOTE 500,00 G;NA;/pregoes/doc/pregao/1350330000012014;217370
33875;2014-03-28T13:30:00;2014-03-18T08:30:00;2014-03-18T08:30:00;2014-03-18;Estrada Dos Pioneiros, 3131 - Jardim Morumbi - /PR;Pregoeira;15014805000012000;NA;5;MARIA ELENI CURTI;12014;NA;3064000288201490;Pregão Eletrônico Aquisição de gêner os alimentícios para atender a UTFPR Câmpus L ondrina.;Publicado;Eletrônico;Nacional;150148;CAFÉ;1000;8.90;CAFÉ, torrado e moído. Embalagem a vácuo de 500 gramas, de primeira qualidade, com selo de pureza da Associação Brasileira da Indústria do Café - ABIC.;false;homologado;8.68;false;NA;NA;PACOTE 500 gramas;NA;/pregoes/doc/pregao/1501480000012014;NA
34538;2014-03-11T10:00:00;2014-02-21T08:00:00;2014-02-21T08:00:00;2014-02-21;Praca Andre de Albuquerque, 534 - Cidade Alta - /RN;Pregoeiro;7000805000012010;Registro de Preços.;5;ANSELMO PEREIRA SILVA;12014;NA;6894/13 (13556);Pregão Eletrônico Registro de Preço objetivando eventual Aquisição de Material de C onsumo para Uso Ordinário e Eleições (Gêneros A limentícios  Café).;Publicado;Eletrônico;Nacional;70008;CAFÉ;16000;3.15;CAFÉ, TIPO TORRADO, APRESENTAÇÃO MOÍDO, TIPO EMBALAGEM A VÁCUO;false;homologado;2.18;false;NA;NA;PACOTE 250,00 G;NA;/pregoes/doc/pregao/0700080000012014;217366
34732;2014-01-27T11:00:00;2014-01-14T08:00:00;2014-01-14T08:00:00;2014-01-14;Av. Getulio Vargas, 3999 - /RR;Pregoeira;9003905000012020;Será uma licitação por grup os.;5;NANCIS TEREZA DANIELI LIMA;12014;NA;262/2013;Pregão Eletrônico Registro de preços para aquisição de gêneros alimentícios e mater ial de copa e cozinha, conforme anexo I do Edit al 02/2014.;Publicado;Eletrônico;Nacional;90039;CAFÉ;1200;10.88;CAFÉ, TIPO TORRADO, APRESENTAÇÃO MOÍDO, TIPO EMBALAGEM A VÁCUO,               CARACTERÍSTICAS ADICIONAIS EXTRA FORTE;false;adjudicado;4.80;false;NA;NA;PACOTE 500,00 G;NA;/pregoes/doc/pregao/0900390000012014;NA
34802;2014-02-27T10:00:00;2014-02-17T09:00:00;2014-02-17T09:00:00;2014-02-17;Anexo Ii-b Palacio do Planalto Sala 114 Térreo - /DF;Pregoeira;11010105000012000;O presente Edital poderá se r retirado pelo site www.comprasnet.gov.br ou s er solicitado pelo e-mail: vpr.licitacao@presid encia.gov.br;5;HELEN GONCALVES DIAS;12014;NA;300000027201421;Pregão Eletrônico A presente licitaç ão tem por objeto a aquisição de suprimentos pa ra abastecimento da Copa da Vice-Presidência da República;Publicado;Eletrônico;Nacional;110101;CAFÉ;264;2310.00;CAFÉ, TIPO TORRADO, APRESENTAÇÃO MOÍDO, TIPO EMBALAGEM ALTO VÁCUO;false;cancelado na aceitação;3168.00;false;NA;NA;PACOTE 1,00 KG;NA;/pregoes/doc/pregao/1101010000012014;232173
34815;2014-02-19T14:00:00;2014-02-07T09:00:00;2014-02-07T09:00:00;2014-02-07;Rua Rodrigo Silva Nº 26 - 18º Andar - Centro/RJ;Pregoeiro;11010205000012000;O Edital deverá ser baixado junto ao sítio www.comprasnet.gov.br .;5;JEFFERSON MIRANDA DA COSTA;12014;NA;592001131201314;Pregão Eletrônico Registro de Preços para a aquisição de gênero de alimentação CA FÉ, para atender às necessidades das Unidades C ircunscritas da Superintendência de Administraç ão no Rio de Janeiro SAD/RJ, conforme condiçõ es, quantidades e exigências estabelecidas no T ermo de referência.;Publicado;Eletrônico;Nacional;110102;CAFÉ;7324;8.04;CAFÉ, TIPO TORRADO, APRESENTAÇÃO MOÍDO, TIPO EMBALAGEM A VÁCUO, VALIDADE PRAZOMÍNIMO DE 1 ANO, CARACTERÍSTICAS ADICIONAIS SELO DE PUREZA DA ABIC;false;homologado;4.10;false;NA;NA;PACOTE 500,00 G;NA;/pregoes/doc/pregao/1101020000012014;300655
34816;2014-02-19T14:00:00;2014-02-07T09:00:00;2014-02-07T09:00:00;2014-02-07;Rua Rodrigo Silva Nº 26 - 18º Andar - Centro/RJ;Pregoeiro;11010205000012000;O Edital deverá ser baixado junto ao sítio www.comprasnet.gov.br .;5;JEFFERSON MIRANDA DA COSTA;12014;NA;592001131201314;Pregão Eletrônico Registro de Preços para a aquisição de gênero de alimentação CA FÉ, para atender às necessidades das Unidades C ircunscritas da Superintendência de Administraç ão no Rio de Janeiro SAD/RJ, conforme condiçõ es, quantidades e exigências estabelecidas no T ermo de referência.;Publicado;Eletrônico;Nacional;110102;CAFÉ;5112;7.43;CAFÉ, TIPO TORRADO, APRESENTAÇÃO MOÍDO, TIPO EMBALAGEM A VÁCUO, VALIDADE PRAZOMÍNIMO DE 1 ANO, CARACTERÍSTICAS ADICIONAIS SELO DE PUREZA DA ABIC;false;homologado;4.14;false;NA;NA;PACOTE 500,00 G;NA;/pregoes/doc/pregao/1101020000012014;300655
34817;2014-02-19T14:00:00;2014-02-07T09:00:00;2014-02-07T09:00:00;2014-02-07;Rua Rodrigo Silva Nº 26 - 18º Andar - Centro/RJ;Pregoeiro;11010205000012000;O Edital deverá ser baixado junto ao sítio www.comprasnet.gov.br .;5;JEFFERSON MIRANDA DA COSTA;12014;NA;592001131201314;Pregão Eletrônico Registro de Preços para a aquisição de gênero de alimentação CA FÉ, para atender às necessidades das Unidades C ircunscritas da Superintendência de Administraç ão no Rio de Janeiro SAD/RJ, conforme condiçõ es, quantidades e exigências estabelecidas no T ermo de referência.;Publicado;Eletrônico;Nacional;110102;CAFÉ;450;8.04;CAFÉ, TIPO TORRADO, APRESENTAÇÃO MOÍDO, TIPO EMBALAGEM A VÁCUO, VALIDADE PRAZOMÍNIMO DE 1 ANO, CARACTERÍSTICAS ADICIONAIS SELO DE PUREZA DA ABIC;false;homologado;4.31;false;NA;NA;PACOTE 500,00 G;NA;/pregoes/doc/pregao/1101020000012014;300655
34818;2014-02-19T14:00:00;2014-02-07T09:00:00;2014-02-07T09:00:00;2014-02-07;Rua Rodrigo Silva Nº 26 - 18º Andar - Centro/RJ;Pregoeiro;11010205000012000;O Edital deverá ser baixado junto ao sítio www.comprasnet.gov.br .;5;JEFFERSON MIRANDA DA COSTA;12014;NA;592001131201314;Pregão Eletrônico Registro de Preços para a aquisição de gênero de alimentação CA FÉ, para atender às necessidades das Unidades C ircunscritas da Superintendência de Administraç ão no Rio de Janeiro SAD/RJ, conforme condiçõ es, quantidades e exigências estabelecidas no T ermo de referência.;Publicado;Eletrônico;Nacional;110102;CAFÉ;450;7.43;CAFÉ, TIPO TORRADO, APRESENTAÇÃO MOÍDO, TIPO EMBALAGEM A VÁCUO, VALIDADE PRAZOMÍNIMO DE 1 ANO, CARACTERÍSTICAS ADICIONAIS SELO DE PUREZA DA ABIC;false;cancelado;NA;false;NA;NA;PACOTE 500,00 G;NA;/pregoes/doc/pregao/1101020000012014;300655
35026;2014-09-18T09:30:00;2014-09-08T08:00:00;2014-09-08T08:00:00;2014-09-08;Esplanada Dos Ministérios, Bloco  polegadaso polegadas, 9º Andar - Plano Piloto/DF;Ordenador de Despesa;11035505000012000;NA;5;GERMINIO ZANARDO JUNIOR;12014;NA;18000469201463;Pregão Eletrônico Registro de preços , com vistas a contratação de empresa para pres imento de materiais necessários. tação de serviços de realização de eventos e co rrelatos para a Secretaria de Assuntos Estratég icos da Presidência da República  SAE/PR, em t odo o território nacional, sob demanda, abrange ndo planejamento operacional, organização, exec ução, acompanhamento, fornecimento de alimentaç ão e bebida, infraestrutura, transportes, apoio logístico, ornamentação e a confecção e fornec;Publicado;Eletrônico;Nacional;110355;Decoração - Eventos / Solenidades;800;18.00;Café ou chá - fora de ambiente hoteleiro;false;homologado;2.00;false;NA;NA;unidade;NA;/pregoes/doc/pregao/1103550000012014;NA
35035;2014-09-18T09:30:00;2014-09-08T08:00:00;2014-09-08T08:00:00;2014-09-08;Esplanada Dos Ministérios, Bloco  polegadaso polegadas, 9º Andar - Plano Piloto/DF;Ordenador de Despesa;11035505000012000;NA;5;GERMINIO ZANARDO JUNIOR;12014;NA;18000469201463;Pregão Eletrônico Registro de preços , com vistas a contratação de empresa para pres imento de materiais necessários. tação de serviços de realização de eventos e co rrelatos para a Secretaria de Assuntos Estratég icos da Presidência da República  SAE/PR, em t odo o território nacional, sob demanda, abrange ndo planejamento operacional, organização, exec ução, acompanhamento, fornecimento de alimentaç ão e bebida, infraestrutura, transportes, apoio logístico, ornamentação e a confecção e fornec;Publicado;Eletrônico;Nacional;110355;Decoração - Eventos / Solenidades;800;28.00;Café ou chá - dentro de ambiente hoteleiro;false;homologado;10.00;false;NA;NA;unidade;NA;/pregoes/doc/pregao/1103550000012014;NA
35322;2014-01-23T09:30:00;2014-01-13T08:00:00;2014-01-13T08:00:00;2014-01-13;Scs Qd. 08, Ed. Super Center Venâncio 2000, Bl. B-50/60_1º Subsol - Asa Sul/DF;Pregoeira;11540605000012000;NA;5;NEIRE MARIS MARQUES;12014;NA;002449/2013;Pregão Eletrônico Contratação de emp resa especializada no fornecimento de Café em p ó homogêneo, torrado e moído e Açúcar Refinado para uso e consumo nas dependências da EBC, no Rio de Janeiro/RJ, durante o exercício de 2014.;Publicado;Eletrônico;Nacional;115406;CAFÉ;3600;50184.00;CAFÉ, NOME CAFE MOIDO - Café em pó homogêneo,  torrado e moído, embalado à  vácuo, fornecido em pacote de  500 (quinhentos) gramas.;false;homologado;28580.00;false;NA;NA;quilograma;NA;/pregoes/doc/pregao/1154060000012014;9725
